review_category,work_id,title,current_slug,automatic_slug,desired_or_candidate_slug,old_url_candidates,collision_with,why_review,action_needed
changed-probable,CALDERONdudosa_AngelDeLaGuarda(Transk-IMPR),"Ángel de la guarda, El",el-angel-de-la-guarda,el-angel-de-la-guarda,el-angel-de-la-guarda-0,https://etso.es/informes/analisis-estilometrico-el-angel-de-la-guarda-0,"el-angel-de-la-guarda-0 => VALDIVIELSO_AngelDeLaGuarda(Transk-MSS) (Ángel de la guarda, El)","el titulo coincide con una URL antigua, pero el slug actual es distinto",decidir que obra conserva ese slug; en DB cada slug debe ser unico
changed-probable,ROJO_AntiocoYSeleuco(Burlesca)(Transk-MSS),Antioco y Seleuco (Burlesca),antioco-y-seleuco-burlesca,antioco-y-seleuco-burlesca,antioco-y-seleuco,https://etso.es/informes/analisis-estilometrico-antioco-y-seleuco,antioco-y-seleuco => MORETO_AntiocoYSeleuco (Antíoco y Seleuco),"la diferencia depende de un descriptor como version, auto, burlesca o similar",decidir que obra conserva ese slug; en DB cada slug debe ser unico
changed-probable,RAMOS-CASTILLO_AutoSacramental(Otro1)(Auto)(Transk-IMPR),Auto Sacramental (Emp: Señor galán embozado),auto-sacramental-emp-senor-galan-embozado,auto-sacramental-emp-senor-galan-embozado,auto-sacramental-otro; auto-sacramental,https://etso.es/informes/analisis-estilometrico-auto-sacramental-otro; https://etso.es/informes/analisis-estilometrico-auto-sacramental,auto-sacramental-otro => RAMOS-CASTILLO_AutoSacramental(Otro)(Auto)(Transk-IMPR) (Auto Sacramental (Emp: Por la verde maleza)) | auto-sacramental => RAMOS-CASTILLO_AutoSacramental(Auto)(Transk-IMPR) (Auto Sacramental (Emp: Ya se despedía el mayo)),"la diferencia depende de un descriptor como version, auto, burlesca o similar",decidir que obra conserva ese slug; en DB cada slug debe ser unico
changed-probable,SANCHEZ-JUAN_CercoDeTunez(Transk-IMPR),"Cerco de Túnez, El",el-cerco-de-tunez-0,el-cerco-de-tunez-0,el-cerco-de-tunez,https://etso.es/informes/analisis-estilometrico-el-cerco-de-tunez,"el-cerco-de-tunez => DESCONOCIDO_CercoDeTunez(Transk-MSS) (Cerco de Túnez, El)","el titulo coincide con una URL antigua, pero el slug actual es distinto",decidir que obra conserva ese slug; en DB cada slug debe ser unico
changed-probable,DESCONOCIDO_DosLucerosDeOriente(OtraVersion)(Transk-MSS),"Dos luceros de Oriente, Los (otra versión)",los-dos-luceros-de-oriente-otra-version,los-dos-luceros-de-oriente-otra-version,los-dos-luceros-de-oriente,https://etso.es/informes/analisis-estilometrico-los-dos-luceros-de-oriente,"los-dos-luceros-de-oriente => DESCONOCIDO_DosLucerosDeOriente(Transk-MSS) (Dos luceros de Oriente, Los)","la diferencia depende de un descriptor como version, auto, burlesca o similar",decidir que obra conserva ese slug; en DB cada slug debe ser unico
changed-probable,DESCONOCIDO_InclinacionEspanola,"Inclinación española, La",la-inclinacion-espanola-0,la-inclinacion-espanola-0,la-inclinacion-espanola,https://etso.es/informes/analisis-estilometrico-la-inclinacion-espanola,"la-inclinacion-espanola => BANCES_InclinacionEspanola(Transk-IMPR) (Inclinación española, La)","el titulo coincide con una URL antigua, pero el slug actual es distinto",decidir que obra conserva ese slug; en DB cada slug debe ser unico
changed-probable,LOPEZ-CASTRO_MarcoAntonio(Transk-MSS),Marco Antonio y Cleopatra,marco-antonio-y-cleopatra-0,marco-antonio-y-cleopatra,marco-antonio-y-cleopatra,https://etso.es/informes/analisis-estilometrico-marco-antonio-y-cleopatra,marco-antonio-y-cleopatra => CALDERONdudosa_MarcoAntonioYCleopatra(Transk-IMPR) (Marco Antonio y Cleopatra),"el titulo coincide con una URL antigua, pero el slug actual es distinto",decidir que obra conserva ese slug; en DB cada slug debe ser unico
changed-probable,CANIZARES_MasAmadaDeCristo(PrimeraParte)(Transk-IMPR),"Más amada de Cristo, santa Gertrudis la Magna, La",la-mas-amada-de-cristo-santa-gertrudis-la-magna,la-mas-amada-de-cristo-santa-gertrudis-la-magna,la-mas-amada-de-cristo-santa-gertrudis-la-magna-segunda-parte,https://etso.es/informes/analisis-estilometrico-la-mas-amada-de-cristo-santa-gertrudis-la-magna-segunda-parte,"la-mas-amada-de-cristo-santa-gertrudis-la-magna-segunda-parte => CANIZARES_MasAmadaDeCristo(SegundaParte)(Transk-IMPR) (Más amada de Cristo, santa Gertrudis la Magna, La (segunda parte))","la diferencia depende de un descriptor como version, auto, burlesca o similar",decidir que obra conserva ese slug; en DB cada slug debe ser unico
changed-probable,VELEZ_NoviosDeHornachuelos(VersionManuscrito),"Novios de Hornachuelos, Los (Mss/15429)",los-novios-de-hornachuelos-mss-15429,los-novios-de-hornachuelos-mss-15429,los-novios-de-hornachuelos,https://etso.es/informes/analisis-estilometrico-los-novios-de-hornachuelos,"los-novios-de-hornachuelos => LOPEdudosa_NoviosDeHornachuelos (Novios de Hornachuelos, Los)","la diferencia depende de un descriptor como version, auto, burlesca o similar",decidir que obra conserva ese slug; en DB cada slug debe ser unico
changed-probable,DESCONOCIDO(2)_PadrinoDeSuAfrenta,"Padrino de su afrenta, El",el-padrino-de-su-afrenta-0,el-padrino-de-su-afrenta-0,el-padrino-de-su-afrenta,https://etso.es/informes/analisis-estilometrico-el-padrino-de-su-afrenta,"el-padrino-de-su-afrenta => DESCONOCIDO_PadrinoDeSuAfrenta(Transk-MSS) (Padrino de su afrenta, El)","el titulo coincide con una URL antigua, pero el slug actual es distinto",decidir que obra conserva ese slug; en DB cada slug debe ser unico
changed-probable,MORETO_Parecido(RefundicionPosterior),"Parecido, El (Refundición posterior)",el-parecido-refundicion-posterior,el-parecido-refundicion-posterior,el-parecido,https://etso.es/informes/analisis-estilometrico-el-parecido,"el-parecido => MORETO_Parecido (Parecido, El)","el titulo coincide con una URL antigua, pero el slug actual es distinto; la diferencia depende de un descriptor como version, auto, burlesca o similar",decidir que obra conserva ese slug; en DB cada slug debe ser unico
changed-probable,CALDERON_PintorDeSuDeshonra(Auto),"Pintor de su deshonra, El",el-pintor-de-su-deshonra-0,el-pintor-de-su-deshonra-0,el-pintor-de-su-deshonra,https://etso.es/informes/analisis-estilometrico-el-pintor-de-su-deshonra,"el-pintor-de-su-deshonra => CALDERON_PintorDeSuDeshonra (Pintor de su deshonra, El)","el titulo coincide con una URL antigua, pero el slug actual es distinto",decidir que obra conserva ese slug; en DB cada slug debe ser unico
changed-probable,FERNANDEZ-MESA_SilvasYAyalas(Transk-MSS),"Silvas y Ayalas, Los",los-silvas-y-ayalas,los-silvas-y-ayalas,cada-uno-con-su-igual,https://etso.es/informes/analisis-estilometrico-cada-uno-con-su-igual,cada-uno-con-su-igual => MESA-BLAS_CadaUnoConSuIgual(Transk-IMPR) (Cada uno con su igual),la URL antigua parece corresponder a un titulo alternativo en otrostitulos,decidir que obra conserva ese slug; en DB cada slug debe ser unico
changed-probable,MORETOdudosa_TravesurasSonValor(Transk-IMPR),Travesuras son valor,travesuras-son-valor-0,travesuras-son-valor-0,travesuras-son-valor,https://etso.es/informes/analisis-estilometrico-travesuras-son-valor,travesuras-son-valor => CALDERONdudosa_TravesurasSonValor(Transk-IMPR) (Travesuras son valor),"el titulo coincide con una URL antigua, pero el slug actual es distinto",decidir que obra conserva ese slug; en DB cada slug debe ser unico
changed-probable,VALDIVIELSO_VillanoEnSuRincon(Auto)(Modern-Aut),"Villano en su rincón, El",el-villano-en-su-rincon-0,el-villano-en-su-rincon-0,el-villano-en-su-rincon,https://etso.es/informes/analisis-estilometrico-el-villano-en-su-rincon,"el-villano-en-su-rincon => LOPE_VillanoEnSuRincon (Villano en su rincón, El)","el titulo coincide con una URL antigua, pero el slug actual es distinto",decidir que obra conserva ese slug; en DB cada slug debe ser unico
missing-old-url,,"Allá darás, rayo - A firma de labios, fuerza de brazos",,,alla-daras-rayo-firma-de-labios-fuerza-de-brazos,https://etso.es/informes/analisis-estilometrico-alla-daras-rayo-firma-de-labios-fuerza-de-brazos,,URL antigua sin obra clara asociada en la DB actual tras aplicar overrides,"revisar solo si se quiere conservar absolutamente todas las URLs antiguas; puede ser obra eliminada, renombrada o no publicada"
missing-old-url,,"Amar después de la muerte - Tuzaní de las Alpujarras, El",,,amar-despues-de-la-muerte-el-tuzani-de-las-alpujarras,https://etso.es/informes/analisis-estilometrico-amar-despues-de-la-muerte-el-tuzani-de-las-alpujarras,,URL antigua sin obra clara asociada en la DB actual tras aplicar overrides,"revisar solo si se quiere conservar absolutamente todas las URLs antiguas; puede ser obra eliminada, renombrada o no publicada"
missing-old-url,,Aristómenes Mesenio - Por el esfuerzo la dicha,,,aristomenes-mesenio-por-el-esfuerzo-la-dicha,https://etso.es/informes/analisis-estilometrico-aristomenes-mesenio-por-el-esfuerzo-la-dicha,,URL antigua sin obra clara asociada en la DB actual tras aplicar overrides,"revisar solo si se quiere conservar absolutamente todas las URLs antiguas; puede ser obra eliminada, renombrada o no publicada"
missing-old-url,,"Azucena de Etiopía, La - Luces de la aurora",,,la-azucena-de-etiopia-luces-de-la-aurora,https://etso.es/informes/analisis-estilometrico-la-azucena-de-etiopia-luces-de-la-aurora,,URL antigua sin obra clara asociada en la DB actual tras aplicar overrides,"revisar solo si se quiere conservar absolutamente todas las URLs antiguas; puede ser obra eliminada, renombrada o no publicada"
missing-old-url,,Cada cual a su negocio o Hacer cada uno lo que debe,,,cada-cual-su-negocio-hacer-cada-uno-lo-que-debe,https://etso.es/informes/analisis-estilometrico-cada-cual-su-negocio-hacer-cada-uno-lo-que-debe,,URL antigua sin obra clara asociada en la DB actual tras aplicar overrides,"revisar solo si se quiere conservar absolutamente todas las URLs antiguas; puede ser obra eliminada, renombrada o no publicada"
missing-old-url,,"Capitán Jepté, El - Hija de Jepté, La",,,el-capitan-jepte-la-hija-de-jepte,https://etso.es/informes/analisis-estilometrico-el-capitan-jepte-la-hija-de-jepte,,URL antigua sin obra clara asociada en la DB actual tras aplicar overrides,"revisar solo si se quiere conservar absolutamente todas las URLs antiguas; puede ser obra eliminada, renombrada o no publicada"
missing-old-url,,"Casados por fuerza, y ejemplo de desdichas, Los - Del engaño hacer virtud",,,casados-por-fuerza-y-ejemplo-de-desdichas-los-del-engano-hacer,https://etso.es/informes/analisis-estilometrico-casados-por-fuerza-y-ejemplo-de-desdichas-los-del-engano-hacer,,URL antigua sin obra clara asociada en la DB actual tras aplicar overrides,"revisar solo si se quiere conservar absolutamente todas las URLs antiguas; puede ser obra eliminada, renombrada o no publicada"
missing-old-url,,"Celos, honor y cordura",,,celos-honor-y-cordura,https://etso.es/informes/analisis-estilometrico-celos-honor-y-cordura,,URL antigua sin obra clara asociada en la DB actual tras aplicar overrides,"revisar solo si se quiere conservar absolutamente todas las URLs antiguas; puede ser obra eliminada, renombrada o no publicada"
missing-old-url,,"Cisne de Alejandría, El - Prodigio de Etiopia, El",,,el-cisne-de-alejandria-el-prodigio-de-etiopia,https://etso.es/informes/analisis-estilometrico-el-cisne-de-alejandria-el-prodigio-de-etiopia,,URL antigua sin obra clara asociada en la DB actual tras aplicar overrides,"revisar solo si se quiere conservar absolutamente todas las URLs antiguas; puede ser obra eliminada, renombrada o no publicada"
missing-old-url,,"Conde de Sex, El - Tragedia más lastimosa, La",,,el-conde-de-sex-la-tragedia-mas-lastimosa,https://etso.es/informes/analisis-estilometrico-el-conde-de-sex-la-tragedia-mas-lastimosa,,URL antigua sin obra clara asociada en la DB actual tras aplicar overrides,"revisar solo si se quiere conservar absolutamente todas las URLs antiguas; puede ser obra eliminada, renombrada o no publicada"
missing-old-url,,"Confusión de un jardín, La - Haz bien y guárdate",,,confusion-de-un-jardin-la-haz-bien-y-guardate,https://etso.es/informes/analisis-estilometrico-confusion-de-un-jardin-la-haz-bien-y-guardate,,URL antigua sin obra clara asociada en la DB actual tras aplicar overrides,"revisar solo si se quiere conservar absolutamente todas las URLs antiguas; puede ser obra eliminada, renombrada o no publicada"
missing-old-url,,"Dama fregona o Lupercia constante, La",,,la-dama-fregona-o-lupercia-constante,https://etso.es/informes/analisis-estilometrico-la-dama-fregona-o-lupercia-constante,,URL antigua sin obra clara asociada en la DB actual tras aplicar overrides,"revisar solo si se quiere conservar absolutamente todas las URLs antiguas; puede ser obra eliminada, renombrada o no publicada"
missing-old-url,,Del agravio hacer venganza - Hablar bien del enemigo,,,del-agravio-hacer-venganza-hablar-bien-del-enemigo,https://etso.es/informes/analisis-estilometrico-del-agravio-hacer-venganza-hablar-bien-del-enemigo,,URL antigua sin obra clara asociada en la DB actual tras aplicar overrides,"revisar solo si se quiere conservar absolutamente todas las URLs antiguas; puede ser obra eliminada, renombrada o no publicada"
missing-old-url,,"Desgraciada Raquel y rey don Alfonso el Octavo, La - Judía de Toledo, La",,,la-desgraciada-raquel-y-rey-don-alfonso-el-octavo-la-judia-de,https://etso.es/informes/analisis-estilometrico-la-desgraciada-raquel-y-rey-don-alfonso-el-octavo-la-judia-de,,URL antigua sin obra clara asociada en la DB actual tras aplicar overrides,"revisar solo si se quiere conservar absolutamente todas las URLs antiguas; puede ser obra eliminada, renombrada o no publicada"
missing-old-url,,"Desposado por fuerza, El - Olvidar amando",,,el-desposado-por-fuerza-olvidar-amando,https://etso.es/informes/analisis-estilometrico-el-desposado-por-fuerza-olvidar-amando,,URL antigua sin obra clara asociada en la DB actual tras aplicar overrides,"revisar solo si se quiere conservar absolutamente todas las URLs antiguas; puede ser obra eliminada, renombrada o no publicada"
missing-old-url,,"Devoción de la cruz, La - Cruz en la sepultura, La",,,la-devocion-de-la-cruz-la-cruz-en-la-sepultura,https://etso.es/informes/analisis-estilometrico-la-devocion-de-la-cruz-la-cruz-en-la-sepultura,,URL antigua sin obra clara asociada en la DB actual tras aplicar overrides,"revisar solo si se quiere conservar absolutamente todas las URLs antiguas; puede ser obra eliminada, renombrada o no publicada"
missing-old-url,,"Divino pastor, El - Niño pastor, El - Pastor ingrato, El",,,el-divino-pastor-el-nino-pastor-el-pastor-ingrato,https://etso.es/informes/analisis-estilometrico-el-divino-pastor-el-nino-pastor-el-pastor-ingrato,,URL antigua sin obra clara asociada en la DB actual tras aplicar overrides,"revisar solo si se quiere conservar absolutamente todas las URLs antiguas; puede ser obra eliminada, renombrada o no publicada"
missing-old-url,,"Doncella, viuda, y casada",,,doncella-viuda-y-casada,https://etso.es/informes/analisis-estilometrico-doncella-viuda-y-casada,,URL antigua sin obra clara asociada en la DB actual tras aplicar overrides,"revisar solo si se quiere conservar absolutamente todas las URLs antiguas; puede ser obra eliminada, renombrada o no publicada"
missing-old-url,,Ello es hecho - Esto es hecho - Acertar pensando errar,,,ello-es-hecho-esto-es-hecho-acertar-pensando-errar,https://etso.es/informes/analisis-estilometrico-ello-es-hecho-esto-es-hecho-acertar-pensando-errar,,URL antigua sin obra clara asociada en la DB actual tras aplicar overrides,"revisar solo si se quiere conservar absolutamente todas las URLs antiguas; puede ser obra eliminada, renombrada o no publicada"
missing-old-url,,En Madrid y en una casa - Lo que hace un manto en Madrid,,,en-madrid-y-en-una-casa-lo-que-hace-un-manto-en-madrid,https://etso.es/informes/analisis-estilometrico-en-madrid-y-en-una-casa-lo-que-hace-un-manto-en-madrid,,URL antigua sin obra clara asociada en la DB actual tras aplicar overrides,"revisar solo si se quiere conservar absolutamente todas las URLs antiguas; puede ser obra eliminada, renombrada o no publicada"
missing-old-url,,"Encontráronse dos arroyuelos - Boba y el vizcaíno, La",,,encontraronse-dos-arroyuelos-la-boba-y-el-vizcaino,https://etso.es/informes/analisis-estilometrico-encontraronse-dos-arroyuelos-la-boba-y-el-vizcaino,,URL antigua sin obra clara asociada en la DB actual tras aplicar overrides,"revisar solo si se quiere conservar absolutamente todas las URLs antiguas; puede ser obra eliminada, renombrada o no publicada"
missing-old-url,,Erario y Monte,,,erario-y-monte,https://etso.es/informes/analisis-estilometrico-erario-y-monte,,URL antigua sin obra clara asociada en la DB actual tras aplicar overrides,"revisar solo si se quiere conservar absolutamente todas las URLs antiguas; puede ser obra eliminada, renombrada o no publicada"
missing-old-url,,"Esclavo de su hijo, El - Azote de su patria y renegado Abdenaga, El",,,el-esclavo-de-su-hijo-el-azote-de-su-patria-y-renegado-abdenaga,https://etso.es/informes/analisis-estilometrico-el-esclavo-de-su-hijo-el-azote-de-su-patria-y-renegado-abdenaga,,URL antigua sin obra clara asociada en la DB actual tras aplicar overrides,"revisar solo si se quiere conservar absolutamente todas las URLs antiguas; puede ser obra eliminada, renombrada o no publicada"
missing-old-url,,"Española de Florencia o Las burlas veras, La",,,la-espanola-de-florencia-las-burlas-veras,https://etso.es/informes/analisis-estilometrico-la-espanola-de-florencia-las-burlas-veras,,URL antigua sin obra clara asociada en la DB actual tras aplicar overrides,"revisar solo si se quiere conservar absolutamente todas las URLs antiguas; puede ser obra eliminada, renombrada o no publicada"
missing-old-url,,"Fénix Español, San Lorenzo mártir, El - Levita aragonés, San Lorenzo Mártir, El",,,el-fenix-espanol-san-lorenzo-martir-el-levita-aragones-san-lorenzo,https://etso.es/informes/analisis-estilometrico-el-fenix-espanol-san-lorenzo-martir-el-levita-aragones-san-lorenzo,,URL antigua sin obra clara asociada en la DB actual tras aplicar overrides,"revisar solo si se quiere conservar absolutamente todas las URLs antiguas; puede ser obra eliminada, renombrada o no publicada"
missing-old-url,,Flor de lis de Francia o Conquista del Santo Sepulcro por el santo rey Luis,,,la-flor-de-lis-de-francia-la-conquista-del-santo-sepulcro-por-el,https://etso.es/informes/analisis-estilometrico-la-flor-de-lis-de-francia-la-conquista-del-santo-sepulcro-por-el,,URL antigua sin obra clara asociada en la DB actual tras aplicar overrides,"revisar solo si se quiere conservar absolutamente todas las URLs antiguas; puede ser obra eliminada, renombrada o no publicada"
missing-old-url,,"Galán de su mujer, El - Engañarse en su favor",,,el-galan-de-su-mujer-enganarse-en-su-favor,https://etso.es/informes/analisis-estilometrico-el-galan-de-su-mujer-enganarse-en-su-favor,,URL antigua sin obra clara asociada en la DB actual tras aplicar overrides,"revisar solo si se quiere conservar absolutamente todas las URLs antiguas; puede ser obra eliminada, renombrada o no publicada"
missing-old-url,,"Galeota reforzada, La - Galeota del conde de Niebla, La",,,la-galeota-reforzada-la-galeota-del-conde-de-niebla,https://etso.es/informes/analisis-estilometrico-la-galeota-reforzada-la-galeota-del-conde-de-niebla,,URL antigua sin obra clara asociada en la DB actual tras aplicar overrides,"revisar solo si se quiere conservar absolutamente todas las URLs antiguas; puede ser obra eliminada, renombrada o no publicada"
missing-old-url,,"Hijo del carpintero, El - Niño de Zaragoza, El",,,el-hijo-del-carpintero-el-nino-de-zaragoza,https://etso.es/informes/analisis-estilometrico-el-hijo-del-carpintero-el-nino-de-zaragoza,,URL antigua sin obra clara asociada en la DB actual tras aplicar overrides,"revisar solo si se quiere conservar absolutamente todas las URLs antiguas; puede ser obra eliminada, renombrada o no publicada"
missing-old-url,,"Huida a Egipto, La",,,la-huida-egipto,https://etso.es/informes/analisis-estilometrico-la-huida-egipto,,URL antigua sin obra clara asociada en la DB actual tras aplicar overrides,"revisar solo si se quiere conservar absolutamente todas las URLs antiguas; puede ser obra eliminada, renombrada o no publicada"
missing-old-url,,"Iris de Nueva España, El - Nuestra Señora de Guadalupe de México",,,el-iris-de-nueva-espana-nuestra-senora-de-guadalupe-de-mexico,https://etso.es/informes/analisis-estilometrico-el-iris-de-nueva-espana-nuestra-senora-de-guadalupe-de-mexico,,URL antigua sin obra clara asociada en la DB actual tras aplicar overrides,"revisar solo si se quiere conservar absolutamente todas las URLs antiguas; puede ser obra eliminada, renombrada o no publicada"
missing-old-url,,"Jerusalén libertada - Jerusalén restaurada y el gran sepulcro de Cristo, La",,,jerusalen-libertada-la-jerusalen-restaurada-y-el-gran-sepulcro-de,https://etso.es/informes/analisis-estilometrico-jerusalen-libertada-la-jerusalen-restaurada-y-el-gran-sepulcro-de,,URL antigua sin obra clara asociada en la DB actual tras aplicar overrides,"revisar solo si se quiere conservar absolutamente todas las URLs antiguas; puede ser obra eliminada, renombrada o no publicada"
missing-old-url,,"Juez de sí mismo, El",,,el-juez-de-si-mismo,https://etso.es/informes/analisis-estilometrico-el-juez-de-si-mismo,,URL antigua sin obra clara asociada en la DB actual tras aplicar overrides,"revisar solo si se quiere conservar absolutamente todas las URLs antiguas; puede ser obra eliminada, renombrada o no publicada"
missing-old-url,,"Júpiter y Ío - Cielos premian desdenes, Los",,,jupiter-y-io-los-cielos-premian-desdenes,https://etso.es/informes/analisis-estilometrico-jupiter-y-io-los-cielos-premian-desdenes,,URL antigua sin obra clara asociada en la DB actual tras aplicar overrides,"revisar solo si se quiere conservar absolutamente todas las URLs antiguas; puede ser obra eliminada, renombrada o no publicada"
missing-old-url,,"Justicia y la verdad, La - Comedia de Susana",,,la-justicia-y-la-verdad-comedia-de-susana,https://etso.es/informes/analisis-estilometrico-la-justicia-y-la-verdad-comedia-de-susana,,URL antigua sin obra clara asociada en la DB actual tras aplicar overrides,"revisar solo si se quiere conservar absolutamente todas las URLs antiguas; puede ser obra eliminada, renombrada o no publicada"
missing-old-url,,Lo que piensas te hago - Engañar a quien engaña,,,lo-que-piensas-te-hago-enganar-quien-engana,https://etso.es/informes/analisis-estilometrico-lo-que-piensas-te-hago-enganar-quien-engana,,URL antigua sin obra clara asociada en la DB actual tras aplicar overrides,"revisar solo si se quiere conservar absolutamente todas las URLs antiguas; puede ser obra eliminada, renombrada o no publicada"
missing-old-url,,"Más pesa el rey que la sangre - Honor de los Guzmanes y defensa de Tarifa, El",,,mas-pesa-el-rey-que-la-sangre-el-honor-de-los-guzmanes-y-defensa-de,https://etso.es/informes/analisis-estilometrico-mas-pesa-el-rey-que-la-sangre-el-honor-de-los-guzmanes-y-defensa-de,,URL antigua sin obra clara asociada en la DB actual tras aplicar overrides,"revisar solo si se quiere conservar absolutamente todas las URLs antiguas; puede ser obra eliminada, renombrada o no publicada"
missing-old-url,,"Mayor hazaña de Carlos V, La - Mayor hazaña del emperador Carlos V, La",,,la-mayor-hazana-de-carlos-v-la-mayor-hazana-del-emperador-carlos-v,https://etso.es/informes/analisis-estilometrico-la-mayor-hazana-de-carlos-v-la-mayor-hazana-del-emperador-carlos-v,,URL antigua sin obra clara asociada en la DB actual tras aplicar overrides,"revisar solo si se quiere conservar absolutamente todas las URLs antiguas; puede ser obra eliminada, renombrada o no publicada"
missing-old-url,,"Mayor triunfo de Julio César y batalla de Farsalia, El",,,el-mayor-triunfo-de-julio-cesar-y-batalla-de-farsalia,https://etso.es/informes/analisis-estilometrico-el-mayor-triunfo-de-julio-cesar-y-batalla-de-farsalia,,URL antigua sin obra clara asociada en la DB actual tras aplicar overrides,"revisar solo si se quiere conservar absolutamente todas las URLs antiguas; puede ser obra eliminada, renombrada o no publicada"
missing-old-url,,"Mercader de Toledo, vara de medir, y acción del mejor testigo, El - Mejor testigo, El",,,el-mejor-testigo-el-mercader-de-toledo-vara-de-medir-y-accion-del,https://etso.es/informes/analisis-estilometrico-el-mejor-testigo-el-mercader-de-toledo-vara-de-medir-y-accion-del,,URL antigua sin obra clara asociada en la DB actual tras aplicar overrides,"revisar solo si se quiere conservar absolutamente todas las URLs antiguas; puede ser obra eliminada, renombrada o no publicada"
missing-old-url,,"Montañesa, La - Amistad pagada, La",,,la-montanesa-la-amistad-pagada,https://etso.es/informes/analisis-estilometrico-la-montanesa-la-amistad-pagada,,URL antigua sin obra clara asociada en la DB actual tras aplicar overrides,"revisar solo si se quiere conservar absolutamente todas las URLs antiguas; puede ser obra eliminada, renombrada o no publicada"
missing-old-url,,"Monte de la piedad, El",,,el-monte-de-la-piedad,https://etso.es/informes/analisis-estilometrico-el-monte-de-la-piedad,,URL antigua sin obra clara asociada en la DB actual tras aplicar overrides,"revisar solo si se quiere conservar absolutamente todas las URLs antiguas; puede ser obra eliminada, renombrada o no publicada"
missing-old-url,,Narciso,,,narciso,https://etso.es/informes/analisis-estilometrico-narciso,,URL antigua sin obra clara asociada en la DB actual tras aplicar overrides,"revisar solo si se quiere conservar absolutamente todas las URLs antiguas; puede ser obra eliminada, renombrada o no publicada"
missing-old-url,,No hay reino como el de Dios y mártires de Madrid - Un reino por otro reino,,,no-hay-reino-como-el-de-dios-y-martires-de-madrid-un-reino-por-otro,https://etso.es/informes/analisis-estilometrico-no-hay-reino-como-el-de-dios-y-martires-de-madrid-un-reino-por-otro,,URL antigua sin obra clara asociada en la DB actual tras aplicar overrides,"revisar solo si se quiere conservar absolutamente todas las URLs antiguas; puede ser obra eliminada, renombrada o no publicada"
missing-old-url,,No siempre lo peor es cierto - Nunca lo peor es cierto,,,no-siempre-lo-peor-es-cierto-nunca-lo-peor-es-cierto,https://etso.es/informes/analisis-estilometrico-no-siempre-lo-peor-es-cierto-nunca-lo-peor-es-cierto,,URL antigua sin obra clara asociada en la DB actual tras aplicar overrides,"revisar solo si se quiere conservar absolutamente todas las URLs antiguas; puede ser obra eliminada, renombrada o no publicada"
missing-old-url,,"Nueva victoria de don Gonzalo de Córdoba, La - Mayor victoria de Alemania, La",,,la-nueva-victoria-de-don-gonzalo-de-cordoba-mayor-victoria-de,https://etso.es/informes/analisis-estilometrico-la-nueva-victoria-de-don-gonzalo-de-cordoba-mayor-victoria-de,,URL antigua sin obra clara asociada en la DB actual tras aplicar overrides,"revisar solo si se quiere conservar absolutamente todas las URLs antiguas; puede ser obra eliminada, renombrada o no publicada"
missing-old-url,,"Ojos del cielo, Los - Abogada de los ojos, Santa Lucía, La",,,los-ojos-del-cielo-la-abogada-de-los-ojos-santa-lucia,https://etso.es/informes/analisis-estilometrico-los-ojos-del-cielo-la-abogada-de-los-ojos-santa-lucia,,URL antigua sin obra clara asociada en la DB actual tras aplicar overrides,"revisar solo si se quiere conservar absolutamente todas las URLs antiguas; puede ser obra eliminada, renombrada o no publicada"
missing-old-url,,"Origen, pérdida y restauración de la Virgen del Sagrario - Tres edades de España, Las",,,las-tres-edades-de-espana-origen-perdida-y-restauracion-de-la,https://etso.es/informes/analisis-estilometrico-las-tres-edades-de-espana-origen-perdida-y-restauracion-de-la,,URL antigua sin obra clara asociada en la DB actual tras aplicar overrides,"revisar solo si se quiere conservar absolutamente todas las URLs antiguas; puede ser obra eliminada, renombrada o no publicada"
missing-old-url,,Pastor lobo y cabaña celestial,,,pastor-lobo-y-cabana-celestial,https://etso.es/informes/analisis-estilometrico-pastor-lobo-y-cabana-celestial,,URL antigua sin obra clara asociada en la DB actual tras aplicar overrides,"revisar solo si se quiere conservar absolutamente todas las URLs antiguas; puede ser obra eliminada, renombrada o no publicada"
missing-old-url,,"Perfecta casada, La - Prudente, sabia y honrada",,,la-perfecta-casada-prudente-sabia-y-honrada,https://etso.es/informes/analisis-estilometrico-la-perfecta-casada-prudente-sabia-y-honrada,,URL antigua sin obra clara asociada en la DB actual tras aplicar overrides,"revisar solo si se quiere conservar absolutamente todas las URLs antiguas; puede ser obra eliminada, renombrada o no publicada"
missing-old-url,,"Perla asombro del mar en la merced de su aurora o Vida y muerte de Santa María de Cervellón y Socos, La",,,la-perla-asombro-del-mar-en-la-merced-de-su-aurora-o-vida-y-muerte,https://etso.es/informes/analisis-estilometrico-la-perla-asombro-del-mar-en-la-merced-de-su-aurora-o-vida-y-muerte,,URL antigua sin obra clara asociada en la DB actual tras aplicar overrides,"revisar solo si se quiere conservar absolutamente todas las URLs antiguas; puede ser obra eliminada, renombrada o no publicada"
missing-old-url,,"Perro del hortelano, El - Condesa de Belflor, La",,,el-perro-del-hortelano-la-condesa-de-belflor,https://etso.es/informes/analisis-estilometrico-el-perro-del-hortelano-la-condesa-de-belflor,,URL antigua sin obra clara asociada en la DB actual tras aplicar overrides,"revisar solo si se quiere conservar absolutamente todas las URLs antiguas; puede ser obra eliminada, renombrada o no publicada"
missing-old-url,,"Pleito por la honra, El - Valor de Fernandito, El",,,el-pleito-por-la-honra-el-valor-de-fernandito,https://etso.es/informes/analisis-estilometrico-el-pleito-por-la-honra-el-valor-de-fernandito,,URL antigua sin obra clara asociada en la DB actual tras aplicar overrides,"revisar solo si se quiere conservar absolutamente todas las URLs antiguas; puede ser obra eliminada, renombrada o no publicada"
missing-old-url,,"Prodigio de los montes y mártir del cielo (Santa Bárbara), El - Bárbara de los montes, La",,,la-barbara-de-los-montes-el-prodigio-de-los-montes,https://etso.es/informes/analisis-estilometrico-la-barbara-de-los-montes-el-prodigio-de-los-montes,,URL antigua sin obra clara asociada en la DB actual tras aplicar overrides,"revisar solo si se quiere conservar absolutamente todas las URLs antiguas; puede ser obra eliminada, renombrada o no publicada"
missing-old-url,,"Religiosas constancias en las bárbaras tragedias, Las - Reina María Estuardo, La",,,las-religiosas-constancias-en-las-barbaras-tragedias-la-reina-maria,https://etso.es/informes/analisis-estilometrico-las-religiosas-constancias-en-las-barbaras-tragedias-la-reina-maria,,URL antigua sin obra clara asociada en la DB actual tras aplicar overrides,"revisar solo si se quiere conservar absolutamente todas las URLs antiguas; puede ser obra eliminada, renombrada o no publicada"
missing-old-url,,"Respeto en la ausencia, El",,,el-respeto-en-la-ausencia,https://etso.es/informes/analisis-estilometrico-el-respeto-en-la-ausencia,,URL antigua sin obra clara asociada en la DB actual tras aplicar overrides,"revisar solo si se quiere conservar absolutamente todas las URLs antiguas; puede ser obra eliminada, renombrada o no publicada"
missing-old-url,,"San Carlos - Dos columnas de Carlos, Las",,,san-carlos-las-dos-columnas-de-carlos,https://etso.es/informes/analisis-estilometrico-san-carlos-las-dos-columnas-de-carlos,,URL antigua sin obra clara asociada en la DB actual tras aplicar overrides,"revisar solo si se quiere conservar absolutamente todas las URLs antiguas; puede ser obra eliminada, renombrada o no publicada"
missing-old-url,,"San Franco de Sena - Lego del Carmen, El",,,san-franco-de-sena-el-lego-del-carmen,https://etso.es/informes/analisis-estilometrico-san-franco-de-sena-el-lego-del-carmen,,URL antigua sin obra clara asociada en la DB actual tras aplicar overrides,"revisar solo si se quiere conservar absolutamente todas las URLs antiguas; puede ser obra eliminada, renombrada o no publicada"
missing-old-url,,"Santa Teodora / Púsoseme el sol, saliome la luna",,,pusoseme-el-sol-saliome-la-luna-santa-teodora,https://etso.es/informes/analisis-estilometrico-pusoseme-el-sol-saliome-la-luna-santa-teodora,,URL antigua sin obra clara asociada en la DB actual tras aplicar overrides,"revisar solo si se quiere conservar absolutamente todas las URLs antiguas; puede ser obra eliminada, renombrada o no publicada"
missing-old-url,,"Santo Cristo de Cabrilla, El - Cristo de los Milagros, El",,,el-santo-cristo-de-cabrilla-el-cristo-de-los-milagros,https://etso.es/informes/analisis-estilometrico-el-santo-cristo-de-cabrilla-el-cristo-de-los-milagros,,URL antigua sin obra clara asociada en la DB actual tras aplicar overrides,"revisar solo si se quiere conservar absolutamente todas las URLs antiguas; puede ser obra eliminada, renombrada o no publicada"
missing-old-url,,"Selva confusa, La",,,la-selva-confusa-0,https://etso.es/informes/analisis-estilometrico-la-selva-confusa-0,,URL antigua sin obra clara asociada en la DB actual tras aplicar overrides,"revisar solo si se quiere conservar absolutamente todas las URLs antiguas; puede ser obra eliminada, renombrada o no publicada"
missing-old-url,,"Sibila de oriente, La - Gran reina de Saba, La",,,la-sibila-de-oriente-la-gran-reina-de-saba,https://etso.es/informes/analisis-estilometrico-la-sibila-de-oriente-la-gran-reina-de-saba,,URL antigua sin obra clara asociada en la DB actual tras aplicar overrides,"revisar solo si se quiere conservar absolutamente todas las URLs antiguas; puede ser obra eliminada, renombrada o no publicada"
missing-old-url,,"Siembra del señor, La - Obreros del señor, Los",,,la-siembra-del-senor-los-obreros-del-senor,https://etso.es/informes/analisis-estilometrico-la-siembra-del-senor-los-obreros-del-senor,,URL antigua sin obra clara asociada en la DB actual tras aplicar overrides,"revisar solo si se quiere conservar absolutamente todas las URLs antiguas; puede ser obra eliminada, renombrada o no publicada"
missing-old-url,,"Silvas y Ayalas, Los - Cada uno con su igual",,,los-silvas-y-ayalas-cada-uno-con-su-igual,https://etso.es/informes/analisis-estilometrico-los-silvas-y-ayalas-cada-uno-con-su-igual,,URL antigua sin obra clara asociada en la DB actual tras aplicar overrides,"revisar solo si se quiere conservar absolutamente todas las URLs antiguas; puede ser obra eliminada, renombrada o no publicada"
missing-old-url,,"Sitio y socorro de Viena por el gran Visir, El",,,el-sitio-y-socorro-de-viena-por-el-gran-visir,https://etso.es/informes/analisis-estilometrico-el-sitio-y-socorro-de-viena-por-el-gran-visir,,URL antigua sin obra clara asociada en la DB actual tras aplicar overrides,"revisar solo si se quiere conservar absolutamente todas las URLs antiguas; puede ser obra eliminada, renombrada o no publicada"
missing-old-url,,"Sol a media noche y estrellas a medio día, El",,,el-sol-media-noche-y-estrellas-medio-dia,https://etso.es/informes/analisis-estilometrico-el-sol-media-noche-y-estrellas-medio-dia,,URL antigua sin obra clara asociada en la DB actual tras aplicar overrides,"revisar solo si se quiere conservar absolutamente todas las URLs antiguas; puede ser obra eliminada, renombrada o no publicada"
missing-old-url,,"Tia de la menor, La - Allá se verá - Tía y la sobrina, La",,,la-tia-de-la-menor-alla-se-vera-la-tia-y-la-sobrina,https://etso.es/informes/analisis-estilometrico-la-tia-de-la-menor-alla-se-vera-la-tia-y-la-sobrina,,URL antigua sin obra clara asociada en la DB actual tras aplicar overrides,"revisar solo si se quiere conservar absolutamente todas las URLs antiguas; puede ser obra eliminada, renombrada o no publicada"
missing-old-url,,"Todo es industria el Amor - Celos, industria y amor",,,todo-es-industria-el-amor-celos-industria-y-amor,https://etso.es/informes/analisis-estilometrico-todo-es-industria-el-amor-celos-industria-y-amor,,URL antigua sin obra clara asociada en la DB actual tras aplicar overrides,"revisar solo si se quiere conservar absolutamente todas las URLs antiguas; puede ser obra eliminada, renombrada o no publicada"
missing-old-url,,"Travesuras del valiente Pantoja, Las",,,las-travesuras-del-valiente-pantoja,https://etso.es/informes/analisis-estilometrico-las-travesuras-del-valiente-pantoja,,URL antigua sin obra clara asociada en la DB actual tras aplicar overrides,"revisar solo si se quiere conservar absolutamente todas las URLs antiguas; puede ser obra eliminada, renombrada o no publicada"
missing-old-url,,"Varios prodigios de amor - Prodigios de amor, Los",,,varios-prodigios-de-amor-los-prodigios-de-amor,https://etso.es/informes/analisis-estilometrico-varios-prodigios-de-amor-los-prodigios-de-amor,,URL antigua sin obra clara asociada en la DB actual tras aplicar overrides,"revisar solo si se quiere conservar absolutamente todas las URLs antiguas; puede ser obra eliminada, renombrada o no publicada"
missing-old-url,,"Vencimiento de Turno, El - Conquista del alma, La",,,el-vencimiento-de-turno-la-conquista-del-alma,https://etso.es/informes/analisis-estilometrico-el-vencimiento-de-turno-la-conquista-del-alma,,URL antigua sin obra clara asociada en la DB actual tras aplicar overrides,"revisar solo si se quiere conservar absolutamente todas las URLs antiguas; puede ser obra eliminada, renombrada o no publicada"
missing-old-url,,Venganza en el empeño - Venganza en el despeño y tirano de Navarra,,,venganza-en-el-empeno-venganza-en-el-despeno-y-tirano-de-navarra,https://etso.es/informes/analisis-estilometrico-venganza-en-el-empeno-venganza-en-el-despeno-y-tirano-de-navarra,,URL antigua sin obra clara asociada en la DB actual tras aplicar overrides,"revisar solo si se quiere conservar absolutamente todas las URLs antiguas; puede ser obra eliminada, renombrada o no publicada"
missing-old-url,,"Venganza honrosa, La - Desgracia venturosa, La",,,la-venganza-honrosa-la-desgracia-venturosa,https://etso.es/informes/analisis-estilometrico-la-venganza-honrosa-la-desgracia-venturosa,,URL antigua sin obra clara asociada en la DB actual tras aplicar overrides,"revisar solo si se quiere conservar absolutamente todas las URLs antiguas; puede ser obra eliminada, renombrada o no publicada"
missing-old-url,,Verte y tenerse por muertos,,,verte-y-tenerse-por-muertos,https://etso.es/informes/analisis-estilometrico-verte-y-tenerse-por-muertos,,URL antigua sin obra clara asociada en la DB actual tras aplicar overrides,"revisar solo si se quiere conservar absolutamente todas las URLs antiguas; puede ser obra eliminada, renombrada o no publicada"
missing-old-url,,"Vicios de Comodo, enperador Romano, y su muerte, y elección de Pertinaz y triunfo suyo en Roma, Los",,,los-vicios-de-comodo-enperador-romano-y-su-muerte-y-eleccion-de,https://etso.es/informes/analisis-estilometrico-los-vicios-de-comodo-enperador-romano-y-su-muerte-y-eleccion-de,,URL antigua sin obra clara asociada en la DB actual tras aplicar overrides,"revisar solo si se quiere conservar absolutamente todas las URLs antiguas; puede ser obra eliminada, renombrada o no publicada"
missing-old-url,,"Vida y muerte de Poncio Pilato - Dichoso desdichado, Poncio Pilato, El",,,vida-y-muerte-de-poncio-pilato-el-dichoso-desdichado-poncio-pilato,https://etso.es/informes/analisis-estilometrico-vida-y-muerte-de-poncio-pilato-el-dichoso-desdichado-poncio-pilato,,URL antigua sin obra clara asociada en la DB actual tras aplicar overrides,"revisar solo si se quiere conservar absolutamente todas las URLs antiguas; puede ser obra eliminada, renombrada o no publicada"
missing-old-url,,"Virgen de la Aurora, La - Nuestra señora de la Aurora",,,la-virgen-de-la-aurora-nuestra-senora-de-la-aurora,https://etso.es/informes/analisis-estilometrico-la-virgen-de-la-aurora-nuestra-senora-de-la-aurora,,URL antigua sin obra clara asociada en la DB actual tras aplicar overrides,"revisar solo si se quiere conservar absolutamente todas las URLs antiguas; puede ser obra eliminada, renombrada o no publicada"
missing-old-url,,"Virgen de Sopetrán, La - Batalla de Sopetrán, La",,,la-batalla-de-sopetran-la-virgen-de-sopetran,https://etso.es/informes/analisis-estilometrico-la-batalla-de-sopetran-la-virgen-de-sopetran,,URL antigua sin obra clara asociada en la DB actual tras aplicar overrides,"revisar solo si se quiere conservar absolutamente todas las URLs antiguas; puede ser obra eliminada, renombrada o no publicada"
override-warning,LOPEZ-CASTRO_MarcoAntonio(Transk-MSS),Marco Antonio y Cleopatra,marco-antonio-y-cleopatra-0,marco-antonio-y-cleopatra,marco-antonio-y-cleopatra-0,,,"el slug elegido manualmente no estaba en el CSV antiguo, pero queda aplicado porque no choca",solo revisar si se exige que todos los slugs importados existieran ya en produccion
