work_id,title,otrostitulos,automatic_slug,current_generated_slug,desired_report_slug,reason,old_slug_candidates
ROJO_AntiocoYSeleuco(Burlesca)(Transk-MSS),Antioco y Seleuco (Burlesca),,analisis-estilometrico-antioco-y-seleuco-burlesca,analisis-estilometrico-antioco-y-seleuco-burlesca,analisis-estilometrico-antioco-y-seleuco,descriptor-match,analisis-estilometrico-antioco-y-seleuco [Antíoco y Seleuco]
RAMOS-CASTILLO_AutoSacramental(Otro1)(Auto)(Transk-IMPR),Auto Sacramental (Emp: Señor galán embozado),,analisis-estilometrico-auto-sacramental-emp-senor-galan-embozado,analisis-estilometrico-auto-sacramental-emp-senor-galan-embozado,,descriptor-match,analisis-estilometrico-auto-sacramental-otro [Auto Sacramental (Emp: Por la verde maleza)]; analisis-estilometrico-auto-sacramental [Auto Sacramental (Emp: Ya se despedía el mayo)]
SANCHEZ-JUAN_CercoDeTunez(Transk-IMPR),"Cerco de Túnez, El",,analisis-estilometrico-el-cerco-de-tunez-0,analisis-estilometrico-el-cerco-de-tunez-0,analisis-estilometrico-el-cerco-de-tunez,title-match,"analisis-estilometrico-el-cerco-de-tunez [Cerco de Túnez, El]"
DESCONOCIDO_DosLucerosDeOriente(OtraVersion)(Transk-MSS),"Dos luceros de Oriente, Los (otra versión)",,analisis-estilometrico-los-dos-luceros-de-oriente-otra-version,analisis-estilometrico-los-dos-luceros-de-oriente-otra-version,analisis-estilometrico-los-dos-luceros-de-oriente,descriptor-match,"analisis-estilometrico-los-dos-luceros-de-oriente [Dos luceros de Oriente, Los]"
DESCONOCIDO_InclinacionEspanola,"Inclinación española, La",,analisis-estilometrico-la-inclinacion-espanola-0,analisis-estilometrico-la-inclinacion-espanola-0,analisis-estilometrico-la-inclinacion-espanola,title-match,"analisis-estilometrico-la-inclinacion-espanola [Inclinación española, La]"
LOPEZ-CASTRO_MarcoAntonio(Transk-MSS),Marco Antonio y Cleopatra,,analisis-estilometrico-marco-antonio-y-cleopatra,analisis-estilometrico-marco-antonio-y-cleopatra-0,analisis-estilometrico-marco-antonio-y-cleopatra,title-match,analisis-estilometrico-marco-antonio-y-cleopatra [Marco Antonio y Cleopatra]
CANIZARES_MasAmadaDeCristo(PrimeraParte)(Transk-IMPR),"Más amada de Cristo, santa Gertrudis la Magna, La",,analisis-estilometrico-la-mas-amada-de-cristo-santa-gertrudis-la-magna,analisis-estilometrico-la-mas-amada-de-cristo-santa-gertrudis-la-magna,analisis-estilometrico-la-mas-amada-de-cristo-santa-gertrudis-la-magna-segunda-parte,descriptor-match,"analisis-estilometrico-la-mas-amada-de-cristo-santa-gertrudis-la-magna-segunda-parte [Más amada de Cristo, Santa Gertrudis la Magna, La (Segunda parte)]"
VELEZ_NoviosDeHornachuelos(VersionManuscrito),"Novios de Hornachuelos, Los (Mss/15429)",,analisis-estilometrico-los-novios-de-hornachuelos-mss-15429,analisis-estilometrico-los-novios-de-hornachuelos-mss-15429,analisis-estilometrico-los-novios-de-hornachuelos,descriptor-match,"analisis-estilometrico-los-novios-de-hornachuelos [Novios de Hornachuelos, Los]"
DESCONOCIDO(2)_PadrinoDeSuAfrenta,"Padrino de su afrenta, El",,analisis-estilometrico-el-padrino-de-su-afrenta-0,analisis-estilometrico-el-padrino-de-su-afrenta-0,analisis-estilometrico-el-padrino-de-su-afrenta,title-match,"analisis-estilometrico-el-padrino-de-su-afrenta [Padrino de su afrenta, El]"
MORETO_Parecido(RefundicionPosterior),"Parecido, El (Refundición posterior)",,analisis-estilometrico-el-parecido-refundicion-posterior,analisis-estilometrico-el-parecido-refundicion-posterior,analisis-estilometrico-el-parecido,title-match; descriptor-match,"analisis-estilometrico-el-parecido [Parecido, El (Refundición posterior)]"
CALDERON_PintorDeSuDeshonra(Auto),"Pintor de su deshonra, El",,analisis-estilometrico-el-pintor-de-su-deshonra-0,analisis-estilometrico-el-pintor-de-su-deshonra-0,analisis-estilometrico-el-pintor-de-su-deshonra,title-match,"analisis-estilometrico-el-pintor-de-su-deshonra [Pintor de su deshonra, El]"
FERNANDEZ-MESA_SilvasYAyalas(Transk-MSS),"Silvas y Ayalas, Los",Cada uno con su igual,analisis-estilometrico-los-silvas-y-ayalas,analisis-estilometrico-los-silvas-y-ayalas,analisis-estilometrico-cada-uno-con-su-igual,variant-match,analisis-estilometrico-cada-uno-con-su-igual [Cada uno con su igual]
MORETOdudosa_TravesurasSonValor(Transk-IMPR),Travesuras son valor,,analisis-estilometrico-travesuras-son-valor-0,analisis-estilometrico-travesuras-son-valor-0,analisis-estilometrico-travesuras-son-valor,title-match,analisis-estilometrico-travesuras-son-valor [Travesuras son valor]
VALDIVIELSO_VillanoEnSuRincon(Auto)(Modern-Aut),"Villano en su rincón, El",,analisis-estilometrico-el-villano-en-su-rincon-0,analisis-estilometrico-el-villano-en-su-rincon-0,analisis-estilometrico-el-villano-en-su-rincon,title-match,"analisis-estilometrico-el-villano-en-su-rincon [Villano en su rincón, El]"
CALDERONdudosa_AngelDeLaGuarda(Transk-IMPR),"Ángel de la guarda, El",,analisis-estilometrico-el-angel-de-la-guarda,analisis-estilometrico-el-angel-de-la-guarda,analisis-estilometrico-el-angel-de-la-guarda-0,title-match,"analisis-estilometrico-el-angel-de-la-guarda-0 [Ángel de la guarda, El]"
ENRIQUEZdudosa_ACadaPasoUnPeligro,A cada paso un peligro,,analisis-estilometrico-cada-paso-un-peligro,analisis-estilometrico-cada-paso-un-peligro,,exact-title-duplicate,analisis-estilometrico-cada-paso-un-peligro [A cada paso un peligro]; analisis-estilometrico-cada-paso-un-peligro-0 [A cada paso un peligro]
FIGUEROA-DIEGO_ACadaPasoUnPeligro(Transk-IMPR),A cada paso un peligro,,analisis-estilometrico-cada-paso-un-peligro-0,analisis-estilometrico-cada-paso-un-peligro-0,,exact-title-duplicate,analisis-estilometrico-cada-paso-un-peligro [A cada paso un peligro]; analisis-estilometrico-cada-paso-un-peligro-0 [A cada paso un peligro]
LOPE_AcreedoresDelHombre(Auto)(Transk-IMPR),"Acreedores del hombre, Los",,analisis-estilometrico-los-acreedores-del-hombre,analisis-estilometrico-los-acreedores-del-hombre,,exact-title-duplicate,"analisis-estilometrico-los-acreedores-del-hombre [Acreedores del hombre, Los]; analisis-estilometrico-los-acreedores-del-hombre-0 [Acreedores del hombre, Los]"
ROJAS_AcreedoresDelHombre(Auto),"Acreedores del hombre, Los",,analisis-estilometrico-los-acreedores-del-hombre-0,analisis-estilometrico-los-acreedores-del-hombre-0,,exact-title-duplicate,"analisis-estilometrico-los-acreedores-del-hombre [Acreedores del hombre, Los]; analisis-estilometrico-los-acreedores-del-hombre-0 [Acreedores del hombre, Los]"
CANIZARES_AdonisyVenus(Transk-MSS),Adonis y Venus,,analisis-estilometrico-adonis-y-venus,analisis-estilometrico-adonis-y-venus-0,,exact-title-duplicate,analisis-estilometrico-adonis-y-venus-0 [Adonis y Venus]; analisis-estilometrico-adonis-y-venus [Adonis y Venus]
LOPE_AdonisYVenus,Adonis y Venus,,analisis-estilometrico-adonis-y-venus-0,analisis-estilometrico-adonis-y-venus,,exact-title-duplicate,analisis-estilometrico-adonis-y-venus-0 [Adonis y Venus]; analisis-estilometrico-adonis-y-venus [Adonis y Venus]
CALDERON_AlcaldeDeZalamea,"Alcalde de Zalamea, El",,analisis-estilometrico-el-alcalde-de-zalamea,analisis-estilometrico-alcalde-de-zalamea-el,,exact-title-duplicate,"analisis-estilometrico-el-alcalde-de-zalamea [Alcalde de Zalamea, El]; analisis-estilometrico-alcalde-de-zalamea-el [Alcalde de Zalamea, El]"
LOPEdudosa_AlcaldeDeZalamea,"Alcalde de Zalamea, El",,analisis-estilometrico-el-alcalde-de-zalamea-0,analisis-estilometrico-el-alcalde-de-zalamea,,exact-title-duplicate,"analisis-estilometrico-el-alcalde-de-zalamea [Alcalde de Zalamea, El]; analisis-estilometrico-alcalde-de-zalamea-el [Alcalde de Zalamea, El]"
MONTALBAN_AmantesDeTeruel,"Amantes de Teruel, Los",,analisis-estilometrico-los-amantes-de-teruel,analisis-estilometrico-los-amantes-de-teruel-0,,exact-title-duplicate,"analisis-estilometrico-los-amantes-de-teruel-0 [Amantes de Teruel, Los]; analisis-estilometrico-los-amantes-de-teruel [Amantes de Teruel, Los]; analisis-estilometrico-los-amantes-de-teruel-burlesca [Amantes de Teruel, Los (Burlesca)]"
TIRSOdudosa_AmantesDeTeruel,"Amantes de Teruel, Los",,analisis-estilometrico-los-amantes-de-teruel-0,analisis-estilometrico-los-amantes-de-teruel,,exact-title-duplicate,"analisis-estilometrico-los-amantes-de-teruel-0 [Amantes de Teruel, Los]; analisis-estilometrico-los-amantes-de-teruel [Amantes de Teruel, Los]; analisis-estilometrico-los-amantes-de-teruel-burlesca [Amantes de Teruel, Los (Burlesca)]"
MORETO_AmorYObligacion,Amor y obligación,,analisis-estilometrico-amor-y-obligacion,analisis-estilometrico-amor-y-obligacion-0,,exact-title-duplicate,analisis-estilometrico-amor-y-obligacion-0 [Amor y obligación]; analisis-estilometrico-amor-y-obligacion [Amor y obligación]
SOLIS_AmorYObligacion,Amor y obligación,,analisis-estilometrico-amor-y-obligacion-0,analisis-estilometrico-amor-y-obligacion,,exact-title-duplicate,analisis-estilometrico-amor-y-obligacion-0 [Amor y obligación]; analisis-estilometrico-amor-y-obligacion [Amor y obligación]
VALDIVIELSO_AngelDeLaGuarda(Transk-MSS),"Ángel de la guarda, El",,analisis-estilometrico-el-angel-de-la-guarda-0,analisis-estilometrico-el-angel-de-la-guarda-0,analisis-estilometrico-el-angel-de-la-guarda-0,exact-title-duplicate,"analisis-estilometrico-el-angel-de-la-guarda-0 [Ángel de la guarda, El]"
DESCONOCIDO_AntonioRoca,Antonio Roca,,analisis-estilometrico-antonio-roca,analisis-estilometrico-antonio-roca-0,,exact-title-duplicate,analisis-estilometrico-antonio-roca-0 [Antonio Roca]; analisis-estilometrico-antonio-roca [Antonio Roca]
LOPEdudosa_AntonioRoca,Antonio Roca,,analisis-estilometrico-antonio-roca-0,analisis-estilometrico-antonio-roca,,exact-title-duplicate,analisis-estilometrico-antonio-roca-0 [Antonio Roca]; analisis-estilometrico-antonio-roca [Antonio Roca]
CALDERON_ArbolDelMejorFruto(Auto),"Árbol del mejor fruto, El",,analisis-estilometrico-el-arbol-del-mejor-fruto,analisis-estilometrico-el-arbol-del-mejor-fruto-0,,exact-title-duplicate,"analisis-estilometrico-el-arbol-del-mejor-fruto [Árbol del mejor fruto, El]; analisis-estilometrico-el-arbol-del-mejor-fruto-0 [Árbol del mejor fruto, El]"
TIRSO_ArbolDelMejorFruto,"Árbol del mejor fruto, El",,analisis-estilometrico-el-arbol-del-mejor-fruto-0,analisis-estilometrico-el-arbol-del-mejor-fruto,,exact-title-duplicate,"analisis-estilometrico-el-arbol-del-mejor-fruto [Árbol del mejor fruto, El]; analisis-estilometrico-el-arbol-del-mejor-fruto-0 [Árbol del mejor fruto, El]"
LOPEdudosa_ArcaDeNoe,"Arca de Noé, El",,analisis-estilometrico-el-arca-de-noe,analisis-estilometrico-el-arca-de-noe,,exact-title-duplicate,"analisis-estilometrico-el-arca-de-noe-0 [Arca de Noé, El]; analisis-estilometrico-el-arca-de-noe [Arca de Noé, El]"
MARTINEZ&ROSETE&CANCER_ArcaDeNoe(Transk-IMPR),"Arca de Noé, El",,analisis-estilometrico-el-arca-de-noe-0,analisis-estilometrico-el-arca-de-noe-0,,exact-title-duplicate,"analisis-estilometrico-el-arca-de-noe-0 [Arca de Noé, El]; analisis-estilometrico-el-arca-de-noe [Arca de Noé, El]"
ARMENDARIZ_BurlasVeras,"Burlas veras, Las",,analisis-estilometrico-las-burlas-veras,analisis-estilometrico-las-burlas-veras-0,,exact-title-duplicate,"analisis-estilometrico-las-burlas-veras-0 [Burlas veras, Las]; analisis-estilometrico-las-burlas-veras [Burlas veras, Las]"
LOPE_BurlasVeras,"Burlas veras, Las",,analisis-estilometrico-las-burlas-veras-0,analisis-estilometrico-las-burlas-veras,,exact-title-duplicate,"analisis-estilometrico-las-burlas-veras-0 [Burlas veras, Las]; analisis-estilometrico-las-burlas-veras [Burlas veras, Las]"
DESCONOCIDO_CaballeroDeOlmedo,"Caballero de Olmedo, El","Viuda por casar, La",analisis-estilometrico-el-caballero-de-olmedo,analisis-estilometrico-el-caballero-de-olmedo-la-viuda-por-casar,,exact-title-duplicate,"analisis-estilometrico-el-caballero-de-olmedo [Caballero de Olmedo, El]; analisis-estilometrico-el-caballero-de-olmedo-burlesca [Caballero de Olmedo, El (Burlesca)]"
LOPE_CaballeroDeOlmedo,"Caballero de Olmedo, El",,analisis-estilometrico-el-caballero-de-olmedo-0,analisis-estilometrico-el-caballero-de-olmedo,,exact-title-duplicate,"analisis-estilometrico-el-caballero-de-olmedo [Caballero de Olmedo, El]; analisis-estilometrico-el-caballero-de-olmedo-burlesca [Caballero de Olmedo, El (Burlesca)]"
BELMONTEdudosa_CampanaDeAragon,"Campana de Aragón, La",,analisis-estilometrico-la-campana-de-aragon,analisis-estilometrico-la-campana-de-aragon,,exact-title-duplicate,"analisis-estilometrico-la-campana-de-aragon-0 [Campana de Aragón, La]; analisis-estilometrico-la-campana-de-aragon [Campana de Aragón, La]"
LOPE_CampanaDeAragon,"Campana de Aragón, La",,analisis-estilometrico-la-campana-de-aragon-0,analisis-estilometrico-la-campana-de-aragon-0,,exact-title-duplicate,"analisis-estilometrico-la-campana-de-aragon-0 [Campana de Aragón, La]; analisis-estilometrico-la-campana-de-aragon [Campana de Aragón, La]"
CALDERONdudosa_CanasEnElPapel(Transk-IMPR),"Canas en el papel y dudoso en la venganza, Las",,analisis-estilometrico-las-canas-en-el-papel-y-dudoso-en-la-venganza,analisis-estilometrico-las-canas-en-el-papel-y-dudoso-en-la-venganza,,exact-title-duplicate,"analisis-estilometrico-las-canas-en-el-papel-y-dudoso-en-la-venganza [Canas en el papel y dudoso en la venganza, Las]; analisis-estilometrico-las-canas-en-el-papel-y-dudoso-en-la-venganza-0 [Canas en el papel y dudoso en la venganza, Las]"
CASTROdudosa_CanasEnElPapel,"Canas en el papel y dudoso en la venganza, Las",,analisis-estilometrico-las-canas-en-el-papel-y-dudoso-en-la-venganza-0,analisis-estilometrico-las-canas-en-el-papel-y-dudoso-en-la-venganza-0,,exact-title-duplicate,"analisis-estilometrico-las-canas-en-el-papel-y-dudoso-en-la-venganza [Canas en el papel y dudoso en la venganza, Las]; analisis-estilometrico-las-canas-en-el-papel-y-dudoso-en-la-venganza-0 [Canas en el papel y dudoso en la venganza, Las]"
CALDERON_CefaloYPocris,Céfalo y Pocris,,analisis-estilometrico-cefalo-y-pocris,analisis-estilometrico-cefalo-y-pocris,,exact-title-duplicate,analisis-estilometrico-cefalo-y-pocris-0 [Céfalo y Pocris]; analisis-estilometrico-cefalo-y-pocris [Céfalo y Pocris]
SALAZAR_CefaloYProcris(Transk-IMPR),Céfalo y Pocris,,analisis-estilometrico-cefalo-y-pocris-0,analisis-estilometrico-cefalo-y-pocris-0,,exact-title-duplicate,analisis-estilometrico-cefalo-y-pocris-0 [Céfalo y Pocris]; analisis-estilometrico-cefalo-y-pocris [Céfalo y Pocris]
LOPE_CelosDeRodamonte,"Celos de Rodamonte, Los",,analisis-estilometrico-los-celos-de-rodamonte,analisis-estilometrico-los-celos-de-rodamonte,,exact-title-duplicate,"analisis-estilometrico-los-celos-de-rodamonte [Celos de Rodamonte, Los]; analisis-estilometrico-los-celos-de-rodamonte-0 [Celos de Rodamonte, Los]"
ROJAS_CelosDeRodamonte,"Celos de Rodamonte, Los",,analisis-estilometrico-los-celos-de-rodamonte-0,analisis-estilometrico-los-celos-de-rodamonte-0,,exact-title-duplicate,"analisis-estilometrico-los-celos-de-rodamonte [Celos de Rodamonte, Los]; analisis-estilometrico-los-celos-de-rodamonte-0 [Celos de Rodamonte, Los]"
MIRA_CelosDeSanJose(Auto),"Celos de San José, Los",,analisis-estilometrico-los-celos-de-san-jose,analisis-estilometrico-los-celos-de-san-jose-0,,exact-title-duplicate,"analisis-estilometrico-los-celos-de-san-jose-0 [Celos de San José, Los]; analisis-estilometrico-los-celos-de-san-jose [Celos de San José, Los]"
MONROY_CelosDeSanJose(Transk-IMPR),"Celos de San José, Los",,analisis-estilometrico-los-celos-de-san-jose-0,analisis-estilometrico-los-celos-de-san-jose,,exact-title-duplicate,"analisis-estilometrico-los-celos-de-san-jose-0 [Celos de San José, Los]; analisis-estilometrico-los-celos-de-san-jose [Celos de San José, Los]"
DESCONOCIDO_CercoDeTunez(Transk-MSS),"Cerco de Túnez, El",,analisis-estilometrico-el-cerco-de-tunez,analisis-estilometrico-el-cerco-de-tunez,analisis-estilometrico-el-cerco-de-tunez,exact-title-duplicate,"analisis-estilometrico-el-cerco-de-tunez [Cerco de Túnez, El]"
CUBILLO_ComendadoresDeCordoba(Transk-IMPR),"Comendadores de Córdoba, Los","Mayor venganza de honor, La",analisis-estilometrico-los-comendadores-de-cordoba,analisis-estilometrico-los-comendadores-de-cordoba,analisis-estilometrico-los-comendadores-de-cordoba-0,exact-title-duplicate,"analisis-estilometrico-los-comendadores-de-cordoba-0 [Comendadores de Córdoba, Los]"
LOPE_ComendadoresDeCordoba,"Comendadores de Córdoba, Los",,analisis-estilometrico-los-comendadores-de-cordoba-0,analisis-estilometrico-los-comendadores-de-cordoba-0,analisis-estilometrico-los-comendadores-de-cordoba-0,exact-title-duplicate,"analisis-estilometrico-los-comendadores-de-cordoba-0 [Comendadores de Córdoba, Los]"
CASTRO_CondeAlarcos,"Conde Alarcos, El",,analisis-estilometrico-el-conde-alarcos,analisis-estilometrico-el-conde-alarcos,,exact-title-duplicate,"analisis-estilometrico-el-conde-alarcos [Conde Alarcos, El]; analisis-estilometrico-el-conde-alarcos-0 [Conde Alarcos, El]"
MIRA_CondeAlarcos,"Conde Alarcos, El",,analisis-estilometrico-el-conde-alarcos-0,analisis-estilometrico-el-conde-alarcos-0,,exact-title-duplicate,"analisis-estilometrico-el-conde-alarcos [Conde Alarcos, El]; analisis-estilometrico-el-conde-alarcos-0 [Conde Alarcos, El]"
DESCONOCIDO_ConversionDeLaMagdalena(Auto)(Transk-MSS),"Conversión de la Magdalena, La",,analisis-estilometrico-la-conversion-de-la-magdalena,analisis-estilometrico-la-conversion-de-la-magdalena-0,,exact-title-duplicate,"analisis-estilometrico-la-conversion-de-la-magdalena-0 [Conversión de la Magdalena, La]; analisis-estilometrico-la-conversion-de-la-magdalena [Conversión de la Magdalena, La]"
ENRIQUEZ_ConversionDeLaMagdalena(Transk-MSS),"Conversión de la Magdalena, La",,analisis-estilometrico-la-conversion-de-la-magdalena-0,analisis-estilometrico-la-conversion-de-la-magdalena,,exact-title-duplicate,"analisis-estilometrico-la-conversion-de-la-magdalena-0 [Conversión de la Magdalena, La]; analisis-estilometrico-la-conversion-de-la-magdalena [Conversión de la Magdalena, La]"
ARMESTO_CoronistaMasGrande(PrimeraParte)(Transk-IMPR),"Coronista más grande de la más sagrada historia, Sor Maria de Jesús de Agreda, La (Primera parte)",,analisis-estilometrico-la-coronista-mas-grande-de-la-mas-sagrada-historia-sor-maria-de,analisis-estilometrico-la-coronista-mas-grande-de-la-mas-sagrada-historia-sor-maria-de,,descriptor-match,"analisis-estilometrico-la-coronista-mas-grande-de-la-mas-sagrada-historia-sor-maria-de [Coronista más grande de la más sagrada historia, Sor Maria de Jesús de Agreda, La (Primera parte)]; analisis-estilometrico-la-coronista-mas-grande-de-la-mas-sagrada-historia-sor-maria-de-0 [Coronista más grande de la más sagrada historia, Sor Maria de Jesús de Agreda, La (Segunda parte)]"
ARMESTO_CoronistaMasGrande(SegundaParte)(Transk-IMPR),"Coronista más grande de la más sagrada historia, Sor Maria de Jesús de Agreda, La (Segunda parte)",,analisis-estilometrico-la-coronista-mas-grande-de-la-mas-sagrada-historia-sor-maria-de-0,analisis-estilometrico-la-coronista-mas-grande-de-la-mas-sagrada-historia-sor-maria-de-0,,descriptor-match,"analisis-estilometrico-la-coronista-mas-grande-de-la-mas-sagrada-historia-sor-maria-de-0 [Coronista más grande de la más sagrada historia, Sor Maria de Jesús de Agreda, La (Segunda parte)]; analisis-estilometrico-la-coronista-mas-grande-de-la-mas-sagrada-historia-sor-maria-de [Coronista más grande de la más sagrada historia, Sor Maria de Jesús de Agreda, La (Primera parte)]"
CANIZARES_CuentasDelGranCapitan(Transk-IMPR),"Cuentas del Gran Capitán, Las",,analisis-estilometrico-las-cuentas-del-gran-capitan,analisis-estilometrico-las-cuentas-del-gran-capitan-0,,exact-title-duplicate,"analisis-estilometrico-las-cuentas-del-gran-capitan-0 [Cuentas del Gran Capitán, Las]; analisis-estilometrico-las-cuentas-del-gran-capitan [Cuentas del Gran Capitán, Las]"
LOPE_CuentasDelGranCapitan,"Cuentas del Gran Capitán, Las",,analisis-estilometrico-las-cuentas-del-gran-capitan-0,analisis-estilometrico-las-cuentas-del-gran-capitan,,exact-title-duplicate,"analisis-estilometrico-las-cuentas-del-gran-capitan-0 [Cuentas del Gran Capitán, Las]; analisis-estilometrico-las-cuentas-del-gran-capitan [Cuentas del Gran Capitán, Las]"
ALARCON_CuevaDeSalamanca,"Cueva de Salamanca, La",,analisis-estilometrico-la-cueva-de-salamanca,analisis-estilometrico-la-cueva-de-salamanca,,exact-title-duplicate,"analisis-estilometrico-la-cueva-de-salamanca-0 [Cueva de Salamanca, La]; analisis-estilometrico-la-cueva-de-salamanca [Cueva de Salamanca, La]"
CERVANTES_CuevaDeSalamanca(Entremes),"Cueva de Salamanca, La",,analisis-estilometrico-la-cueva-de-salamanca-0,analisis-estilometrico-la-cueva-de-salamanca-0,,exact-title-duplicate,"analisis-estilometrico-la-cueva-de-salamanca-0 [Cueva de Salamanca, La]; analisis-estilometrico-la-cueva-de-salamanca [Cueva de Salamanca, La]"
DESCONOCIDO_DelMalLoMenos(Transk-IMPR),Del mal lo menos,,analisis-estilometrico-del-mal-lo-menos,analisis-estilometrico-del-mal-lo-menos-0,,exact-title-duplicate,analisis-estilometrico-del-mal-lo-menos [Del mal lo menos]; analisis-estilometrico-del-mal-lo-menos-0 [Del mal lo menos]
LOPE_DelMalLoMenos,Del mal lo menos,,analisis-estilometrico-del-mal-lo-menos-0,analisis-estilometrico-del-mal-lo-menos,,exact-title-duplicate,analisis-estilometrico-del-mal-lo-menos [Del mal lo menos]; analisis-estilometrico-del-mal-lo-menos-0 [Del mal lo menos]
MONTALBAN_DesdichaVenturosa(Transk-IMPR),"Desdicha venturosa, La",,analisis-estilometrico-la-desdicha-venturosa,analisis-estilometrico-la-desdicha-venturosa-0,,exact-title-duplicate,"analisis-estilometrico-la-desdicha-venturosa-0 [Desdicha venturosa, La]; analisis-estilometrico-la-desdicha-venturosa [Desdicha venturosa, La]"
VAEZ-ARTUS_DesdichaVenturosa(Transk-IMPR),"Desdicha venturosa, La",,analisis-estilometrico-la-desdicha-venturosa-0,analisis-estilometrico-la-desdicha-venturosa,,exact-title-duplicate,"analisis-estilometrico-la-desdicha-venturosa-0 [Desdicha venturosa, La]; analisis-estilometrico-la-desdicha-venturosa [Desdicha venturosa, La]"
CAXES_DesposoriosDeLaVirgen(Auto)(Transk-MSS),"Desposorios de la Virgen, Los",,analisis-estilometrico-los-desposorios-de-la-virgen,analisis-estilometrico-los-desposorios-de-la-virgen,,exact-title-duplicate,"analisis-estilometrico-los-desposorios-de-la-virgen-0 [Desposorios de la Virgen, Los]; analisis-estilometrico-los-desposorios-de-la-virgen [Desposorios de la Virgen, Los]"
DESCONOCIDO_DesposoriosDeLaVirgen(Auto)(Transk-MSS),"Desposorios de la Virgen, Los",,analisis-estilometrico-los-desposorios-de-la-virgen-0,analisis-estilometrico-los-desposorios-de-la-virgen-0,,exact-title-duplicate,"analisis-estilometrico-los-desposorios-de-la-virgen-0 [Desposorios de la Virgen, Los]; analisis-estilometrico-los-desposorios-de-la-virgen [Desposorios de la Virgen, Los]"
CALDERON_DevocionDeLaMisa(Auto),"Devoción de la misa, La",,analisis-estilometrico-la-devocion-de-la-misa,analisis-estilometrico-la-devocion-de-la-misa-0,,exact-title-duplicate,"analisis-estilometrico-la-devocion-de-la-misa [Devoción de la misa, La]; analisis-estilometrico-la-devocion-de-la-misa-0 [Devoción de la misa, La]"
VELEZ_DevocionDeLaMisa,"Devoción de la misa, La",,analisis-estilometrico-la-devocion-de-la-misa-0,analisis-estilometrico-la-devocion-de-la-misa,,exact-title-duplicate,"analisis-estilometrico-la-devocion-de-la-misa [Devoción de la misa, La]; analisis-estilometrico-la-devocion-de-la-misa-0 [Devoción de la misa, La]"
LOPE_DevocionDelRosario,"Devoción del rosario, La",,analisis-estilometrico-la-devocion-del-rosario-0,analisis-estilometrico-la-devocion-del-rosario,,exact-title-duplicate,"analisis-estilometrico-la-devocion-del-rosario [Devoción del rosario, La]; analisis-estilometrico-la-devocion-del-rosario-0 [Devoción del Rosario, La]"
DIAMANTE_DevocionDelRosario(Transk-IMPR),"Devoción del Rosario, La",,analisis-estilometrico-la-devocion-del-rosario,analisis-estilometrico-la-devocion-del-rosario-0,,exact-title-duplicate,"analisis-estilometrico-la-devocion-del-rosario [Devoción del rosario, La]; analisis-estilometrico-la-devocion-del-rosario-0 [Devoción del Rosario, La]"
CASTRO_DidoYEneas(Modern-Aut),Dido y Eneas,,analisis-estilometrico-dido-y-eneas,analisis-estilometrico-dido-y-eneas,,exact-title-duplicate,analisis-estilometrico-dido-y-eneas-0 [Dido y Eneas]; analisis-estilometrico-dido-y-eneas [Dido y Eneas]; analisis-estilometrico-dido-y-eneas-1 [Dido y Eneas]
DESCONOCIDO_DidoYEneas,Dido y Eneas,,analisis-estilometrico-dido-y-eneas-0,analisis-estilometrico-dido-y-eneas-1,,exact-title-duplicate,analisis-estilometrico-dido-y-eneas-0 [Dido y Eneas]; analisis-estilometrico-dido-y-eneas [Dido y Eneas]; analisis-estilometrico-dido-y-eneas-1 [Dido y Eneas]
MORALES_DidoYEneas,Dido y Eneas,,analisis-estilometrico-dido-y-eneas-1,analisis-estilometrico-dido-y-eneas-0,,exact-title-duplicate,analisis-estilometrico-dido-y-eneas-0 [Dido y Eneas]; analisis-estilometrico-dido-y-eneas [Dido y Eneas]; analisis-estilometrico-dido-y-eneas-1 [Dido y Eneas]
GONGORA_DoctorCarlino,"Doctor Carlino, El",,analisis-estilometrico-el-doctor-carlino,analisis-estilometrico-el-doctor-carlino,,exact-title-duplicate,"analisis-estilometrico-el-doctor-carlino [Doctor Carlino, El]; analisis-estilometrico-el-doctor-carlino-0 [Doctor Carlino, El]"
SOLIS_DoctorCarlino,"Doctor Carlino, El",,analisis-estilometrico-el-doctor-carlino-0,analisis-estilometrico-el-doctor-carlino-0,,exact-title-duplicate,"analisis-estilometrico-el-doctor-carlino [Doctor Carlino, El]; analisis-estilometrico-el-doctor-carlino-0 [Doctor Carlino, El]"
DESCONOCIDO_Escarraman(Auto)(Transk-MSS),Escarramán,,analisis-estilometrico-escarraman,analisis-estilometrico-escarraman-0,,exact-title-duplicate,analisis-estilometrico-escarraman-0 [Escarramán]; analisis-estilometrico-escarraman [Escarramán]
MATOS_Escarraman,Escarramán,,analisis-estilometrico-escarraman-0,analisis-estilometrico-escarraman,,exact-title-duplicate,analisis-estilometrico-escarraman-0 [Escarramán]; analisis-estilometrico-escarraman [Escarramán]
MORETO&CALDERON_FingidaArcadia,"Fingida Arcadia, La","Arcadia fingida, La",analisis-estilometrico-la-fingida-arcadia,analisis-estilometrico-la-fingida-arcadia-la-arcadia-fingida,analisis-estilometrico-la-fingida-arcadia,exact-title-duplicate,"analisis-estilometrico-la-fingida-arcadia [Fingida Arcadia, La]"
TIRSO_FingidaArcadia,"Fingida Arcadia, La",,analisis-estilometrico-la-fingida-arcadia-0,analisis-estilometrico-la-fingida-arcadia,analisis-estilometrico-la-fingida-arcadia,exact-title-duplicate,"analisis-estilometrico-la-fingida-arcadia [Fingida Arcadia, La]"
MIRA_GalanValiente,"Galán, valiente y discreto",,analisis-estilometrico-galan-valiente-y-discreto,analisis-estilometrico-galan-valiente-y-discreto,,exact-title-duplicate,"analisis-estilometrico-galan-valiente-y-discreto [Galán, valiente y discreto]; analisis-estilometrico-galan-valiente-y-discreto-0 [Galán, valiente y discreto]"
ROJAS_GalanValienteYDiscreto(Auto),"Galán, valiente y discreto",,analisis-estilometrico-galan-valiente-y-discreto-0,analisis-estilometrico-galan-valiente-y-discreto-0,,exact-title-duplicate,"analisis-estilometrico-galan-valiente-y-discreto [Galán, valiente y discreto]; analisis-estilometrico-galan-valiente-y-discreto-0 [Galán, valiente y discreto]"
DIAMANTE&LANINI_GranCardenalDeEspanaCisneros(PrimeraParte)(Transk-MSS),"Gran cardenal de España fray Francisco Jiménez de Cisneros, El (primera parte)",,analisis-estilometrico-el-gran-cardenal-de-espana-fray-francisco-jimenez-de-cisneros,analisis-estilometrico-el-gran-cardenal-de-espana-fray-francisco-jimenez-de-cisneros-0,,descriptor-match,"analisis-estilometrico-el-gran-cardenal-de-espana-fray-francisco-jimenez-de-cisneros-0 [Gran cardenal de España fray Francisco Jiménez de Cisneros, El (Primera parte)]; analisis-estilometrico-el-gran-cardenal-de-espana-fray-francisco-jimenez-de-cisneros [Gran cardenal de España fray Francisco Jiménez de Cisneros, El (Segunda parte)]"
DIAMANTE&LANINI_FrayFranciscoJimenezDeCisneros(SegundaParte)(Transk-MSS),"Gran cardenal de España fray Francisco Jiménez de Cisneros, El (segunda parte)",,analisis-estilometrico-el-gran-cardenal-de-espana-fray-francisco-jimenez-de-cisneros-0,analisis-estilometrico-el-gran-cardenal-de-espana-fray-francisco-jimenez-de-cisneros,,descriptor-match,"analisis-estilometrico-el-gran-cardenal-de-espana-fray-francisco-jimenez-de-cisneros [Gran cardenal de España fray Francisco Jiménez de Cisneros, El (Segunda parte)]; analisis-estilometrico-el-gran-cardenal-de-espana-fray-francisco-jimenez-de-cisneros-0 [Gran cardenal de España fray Francisco Jiménez de Cisneros, El (Primera parte)]"
CERVANTES_GuardaCuidadosa(Entremes),"Guarda cuidadosa, La",,analisis-estilometrico-la-guarda-cuidadosa,analisis-estilometrico-la-guarda-cuidadosa,,exact-title-duplicate,"analisis-estilometrico-la-guarda-cuidadosa [Guarda cuidadosa, La]; analisis-estilometrico-la-guarda-cuidadosa-0 [Guarda cuidadosa, La]; analisis-estilometrico-la-guarda-cuidadosa-1 [Guarda cuidadosa, La]; analisis-estilometrico-la-guarda-cuidadosa-2 [Guarda cuidadosa, La]"
DESCONOCIDO_GuardaCuidadosa(Auto)(Transk-MSS),"Guarda cuidadosa, La",,analisis-estilometrico-la-guarda-cuidadosa-0,analisis-estilometrico-la-guarda-cuidadosa-0,,exact-title-duplicate,"analisis-estilometrico-la-guarda-cuidadosa [Guarda cuidadosa, La]; analisis-estilometrico-la-guarda-cuidadosa-0 [Guarda cuidadosa, La]; analisis-estilometrico-la-guarda-cuidadosa-1 [Guarda cuidadosa, La]; analisis-estilometrico-la-guarda-cuidadosa-2 [Guarda cuidadosa, La]"
MIRA_GuardaCuidadosa(Auto),"Guarda cuidadosa, La",,analisis-estilometrico-la-guarda-cuidadosa-1,analisis-estilometrico-la-guarda-cuidadosa-1,,exact-title-duplicate,"analisis-estilometrico-la-guarda-cuidadosa [Guarda cuidadosa, La]; analisis-estilometrico-la-guarda-cuidadosa-0 [Guarda cuidadosa, La]; analisis-estilometrico-la-guarda-cuidadosa-1 [Guarda cuidadosa, La]; analisis-estilometrico-la-guarda-cuidadosa-2 [Guarda cuidadosa, La]"
SANCHEZ_GuardaCuidadosa,"Guarda cuidadosa, La",,analisis-estilometrico-la-guarda-cuidadosa-2,analisis-estilometrico-la-guarda-cuidadosa-2,,exact-title-duplicate,"analisis-estilometrico-la-guarda-cuidadosa [Guarda cuidadosa, La]; analisis-estilometrico-la-guarda-cuidadosa-0 [Guarda cuidadosa, La]; analisis-estilometrico-la-guarda-cuidadosa-1 [Guarda cuidadosa, La]; analisis-estilometrico-la-guarda-cuidadosa-2 [Guarda cuidadosa, La]"
BELMONTE&MARTINEZ_HameteDeToledo(Transk-IMPR),"Hamete de Toledo, El",,analisis-estilometrico-el-hamete-de-toledo,analisis-estilometrico-el-hamete-de-toledo-0,,exact-title-duplicate,"analisis-estilometrico-el-hamete-de-toledo-0 [Hamete de Toledo, El]; analisis-estilometrico-el-hamete-de-toledo [Hamete de Toledo, El]; analisis-estilometrico-hamete-de-toledo-el-burlesca [Hamete de Toledo, El (Burlesca)]"
LOPE_HameteDeToledo,"Hamete de Toledo, El",,analisis-estilometrico-el-hamete-de-toledo-0,analisis-estilometrico-el-hamete-de-toledo,,exact-title-duplicate,"analisis-estilometrico-el-hamete-de-toledo-0 [Hamete de Toledo, El]; analisis-estilometrico-el-hamete-de-toledo [Hamete de Toledo, El]; analisis-estilometrico-hamete-de-toledo-el-burlesca [Hamete de Toledo, El (Burlesca)]"
DIAMANTE_HerculesDeOcana,"Hércules de Ocaña, El",,analisis-estilometrico-el-hercules-de-ocana,analisis-estilometrico-el-hercules-de-ocana-0,,exact-title-duplicate,"analisis-estilometrico-el-hercules-de-ocana [Hércules de Ocaña, El]; analisis-estilometrico-el-hercules-de-ocana-0 [Hércules de Ocaña, El]"
VELEZ_HerculesDeOcana,"Hércules de Ocaña, El",,analisis-estilometrico-el-hercules-de-ocana-0,analisis-estilometrico-el-hercules-de-ocana,,exact-title-duplicate,"analisis-estilometrico-el-hercules-de-ocana [Hércules de Ocaña, El]; analisis-estilometrico-el-hercules-de-ocana-0 [Hércules de Ocaña, El]"
BENEYTO_HijoObediente(Transk-IMPR),"Hijo obediente, El",,analisis-estilometrico-el-hijo-obediente,analisis-estilometrico-el-hijo-obediente-0,,exact-title-duplicate,"analisis-estilometrico-el-hijo-obediente-0 [Hijo obediente, El]; analisis-estilometrico-el-hijo-obediente [Hijo obediente, El]"
MORETO_HijoObediente,"Hijo obediente, El",,analisis-estilometrico-el-hijo-obediente-0,analisis-estilometrico-el-hijo-obediente,,exact-title-duplicate,"analisis-estilometrico-el-hijo-obediente-0 [Hijo obediente, El]; analisis-estilometrico-el-hijo-obediente [Hijo obediente, El]"
CANCER&MORETO&MATOS_HijoProdigo,"Hijo pródigo, El",,analisis-estilometrico-el-hijo-prodigo,analisis-estilometrico-el-hijo-prodigo,,exact-title-duplicate,"analisis-estilometrico-el-hijo-prodigo [Hijo pródigo, El]; analisis-estilometrico-el-hijo-prodigo-2 [Hijo pródigo, El]; analisis-estilometrico-el-hijo-prodigo-0 [Hijo pródigo, El]; analisis-estilometrico-el-hijo-prodigo-1 [Hijo pródigo, El]"
LOPE_HijoProdigo(Auto),"Hijo pródigo, El",,analisis-estilometrico-el-hijo-prodigo-0,analisis-estilometrico-el-hijo-prodigo-2,,exact-title-duplicate,"analisis-estilometrico-el-hijo-prodigo [Hijo pródigo, El]; analisis-estilometrico-el-hijo-prodigo-2 [Hijo pródigo, El]; analisis-estilometrico-el-hijo-prodigo-0 [Hijo pródigo, El]; analisis-estilometrico-el-hijo-prodigo-1 [Hijo pródigo, El]"
REMON_HijoProdigo(Auto),"Hijo pródigo, El",,analisis-estilometrico-el-hijo-prodigo-1,analisis-estilometrico-el-hijo-prodigo-0,,exact-title-duplicate,"analisis-estilometrico-el-hijo-prodigo [Hijo pródigo, El]; analisis-estilometrico-el-hijo-prodigo-2 [Hijo pródigo, El]; analisis-estilometrico-el-hijo-prodigo-0 [Hijo pródigo, El]; analisis-estilometrico-el-hijo-prodigo-1 [Hijo pródigo, El]"
VALDIVIELSO_HijoProdigo(Auto),"Hijo pródigo, El",,analisis-estilometrico-el-hijo-prodigo-2,analisis-estilometrico-el-hijo-prodigo-1,,exact-title-duplicate,"analisis-estilometrico-el-hijo-prodigo [Hijo pródigo, El]; analisis-estilometrico-el-hijo-prodigo-2 [Hijo pródigo, El]; analisis-estilometrico-el-hijo-prodigo-0 [Hijo pródigo, El]; analisis-estilometrico-el-hijo-prodigo-1 [Hijo pródigo, El]"
GODINEZ_IgnoranteDiscreto(Auto)(Transk-MSS),"Ignorante discreto, El",,analisis-estilometrico-el-ignorante-discreto,analisis-estilometrico-el-ignorante-discreto,,exact-title-duplicate,"analisis-estilometrico-el-ignorante-discreto-0 [Ignorante discreto, El]; analisis-estilometrico-el-ignorante-discreto [Ignorante discreto, El]"
GUERRERO_IgnoranteDiscreto,"Ignorante discreto, El",,analisis-estilometrico-el-ignorante-discreto-0,analisis-estilometrico-el-ignorante-discreto-0,,exact-title-duplicate,"analisis-estilometrico-el-ignorante-discreto-0 [Ignorante discreto, El]; analisis-estilometrico-el-ignorante-discreto [Ignorante discreto, El]"
BANCES_InclinacionEspanola(Transk-IMPR),"Inclinación española, La",,analisis-estilometrico-la-inclinacion-espanola,analisis-estilometrico-la-inclinacion-espanola,analisis-estilometrico-la-inclinacion-espanola,exact-title-duplicate,"analisis-estilometrico-la-inclinacion-espanola [Inclinación española, La]"
CALDERON_JardinDeFalerina,"Jardín de Falerina, El",,analisis-estilometrico-el-jardin-de-falerina,analisis-estilometrico-jardin-de-falerina-el,,exact-title-duplicate,"analisis-estilometrico-jardin-de-falerina-el [Jardín de Falerina, El]; analisis-estilometrico-el-jardin-de-falerina-0 [Jardín de Falerina, El]; analisis-estilometrico-el-jardin-de-falerina [Jardín de Falerina, El]"
CALDERONdudosa_JardinDeFalerina(Auto),"Jardín de Falerina, El",,analisis-estilometrico-el-jardin-de-falerina-0,analisis-estilometrico-el-jardin-de-falerina-0,,exact-title-duplicate,"analisis-estilometrico-jardin-de-falerina-el [Jardín de Falerina, El]; analisis-estilometrico-el-jardin-de-falerina-0 [Jardín de Falerina, El]; analisis-estilometrico-el-jardin-de-falerina [Jardín de Falerina, El]"
ROJAS&COELLO&CALDERON_JardinDeFalerina,"Jardín de Falerina, El",,analisis-estilometrico-el-jardin-de-falerina-1,analisis-estilometrico-el-jardin-de-falerina,,exact-title-duplicate,"analisis-estilometrico-jardin-de-falerina-el [Jardín de Falerina, El]; analisis-estilometrico-el-jardin-de-falerina-0 [Jardín de Falerina, El]; analisis-estilometrico-el-jardin-de-falerina [Jardín de Falerina, El]"
DIAMANTE_LaberintoDeCreta(Transk-IMPR),"Laberinto de Creta, El",,analisis-estilometrico-el-laberinto-de-creta,analisis-estilometrico-el-laberinto-de-creta-1,,exact-title-duplicate,"analisis-estilometrico-el-laberinto-de-creta-0 [Laberinto de Creta, El]; analisis-estilometrico-el-laberinto-de-creta-1 [Laberinto de Creta, El]; analisis-estilometrico-el-laberinto-de-creta [Laberinto de Creta, El]"
LOPE_LaberintoDeCreta,"Laberinto de Creta, El",,analisis-estilometrico-el-laberinto-de-creta-0,analisis-estilometrico-el-laberinto-de-creta,,exact-title-duplicate,"analisis-estilometrico-el-laberinto-de-creta-0 [Laberinto de Creta, El]; analisis-estilometrico-el-laberinto-de-creta-1 [Laberinto de Creta, El]; analisis-estilometrico-el-laberinto-de-creta [Laberinto de Creta, El]"
TIRSO_LaberintoDeCreta(Auto),"Laberinto de Creta, El",,analisis-estilometrico-el-laberinto-de-creta-1,analisis-estilometrico-el-laberinto-de-creta-0,,exact-title-duplicate,"analisis-estilometrico-el-laberinto-de-creta-0 [Laberinto de Creta, El]; analisis-estilometrico-el-laberinto-de-creta-1 [Laberinto de Creta, El]; analisis-estilometrico-el-laberinto-de-creta [Laberinto de Creta, El]"
CALDERON_MaestroDeDanzar,"Maestro de danzar, El",,analisis-estilometrico-el-maestro-de-danzar,analisis-estilometrico-el-maestro-de-danzar,,exact-title-duplicate,"analisis-estilometrico-el-maestro-de-danzar [Maestro de danzar, El]; analisis-estilometrico-el-maestro-de-danzar-0 [Maestro de danzar, El]"
LOPE_MaestroDeDanzar,"Maestro de danzar, El",,analisis-estilometrico-el-maestro-de-danzar-0,analisis-estilometrico-el-maestro-de-danzar-0,,exact-title-duplicate,"analisis-estilometrico-el-maestro-de-danzar [Maestro de danzar, El]; analisis-estilometrico-el-maestro-de-danzar-0 [Maestro de danzar, El]"
CALDERONdudosa_MarcoAntonioYCleopatra(Transk-IMPR),Marco Antonio y Cleopatra,,analisis-estilometrico-marco-antonio-y-cleopatra-0,analisis-estilometrico-marco-antonio-y-cleopatra,analisis-estilometrico-marco-antonio-y-cleopatra,exact-title-duplicate,analisis-estilometrico-marco-antonio-y-cleopatra [Marco Antonio y Cleopatra]
LOPE_MargaritaPreciosa(Auto)(Transk-MSS),"Margarita preciosa, La",,analisis-estilometrico-la-margarita-preciosa,analisis-estilometrico-la-margarita-preciosa,,exact-title-duplicate,"analisis-estilometrico-la-margarita-preciosa [Margarita preciosa, La]; analisis-estilometrico-la-margarita-preciosa-0 [Margarita preciosa, La]"
ZABALETA&CANCER&CALDERON_MargaritaPreciosa,"Margarita preciosa, La",,analisis-estilometrico-la-margarita-preciosa-0,analisis-estilometrico-la-margarita-preciosa-0,,exact-title-duplicate,"analisis-estilometrico-la-margarita-preciosa [Margarita preciosa, La]; analisis-estilometrico-la-margarita-preciosa-0 [Margarita preciosa, La]"
LOPEdudosa_MartiresDeMadrid,"Mártires de Madrid, Los",,analisis-estilometrico-los-martires-de-madrid,analisis-estilometrico-los-martires-de-madrid,,exact-title-duplicate,"analisis-estilometrico-los-martires-de-madrid [Mártires de Madrid, Los]; analisis-estilometrico-los-martires-de-madrid-0 [Mártires de Madrid, Los]"
MONROY_MartiresDeMadrid(Transk-MSS),"Mártires de Madrid, Los",,analisis-estilometrico-los-martires-de-madrid-0,analisis-estilometrico-los-martires-de-madrid-0,,exact-title-duplicate,"analisis-estilometrico-los-martires-de-madrid [Mártires de Madrid, Los]; analisis-estilometrico-los-martires-de-madrid-0 [Mártires de Madrid, Los]"
LOPE_Maya(Auto),"Maya, La",,analisis-estilometrico-la-maya,analisis-estilometrico-la-maya-0,,exact-title-duplicate,"analisis-estilometrico-la-maya-0 [Maya, La]; analisis-estilometrico-la-maya [Maya, La]"
QUINONES_Maya(Entremes),"Maya, La",,analisis-estilometrico-la-maya-0,analisis-estilometrico-la-maya,,exact-title-duplicate,"analisis-estilometrico-la-maya-0 [Maya, La]; analisis-estilometrico-la-maya [Maya, La]"
CALDERON_MedicoDeSuHonra,"Médico de su honra, El","Celoso de su honra, El",analisis-estilometrico-el-medico-de-su-honra,analisis-estilometrico-el-medico-de-su-honra-el-celoso-de-su-honra,analisis-estilometrico-el-medico-de-su-honra,exact-title-duplicate,"analisis-estilometrico-el-medico-de-su-honra [Médico de su honra, El]"
LOPEdudosa_MedicoDeSuHonra,"Médico de su honra, El",,analisis-estilometrico-el-medico-de-su-honra-0,analisis-estilometrico-el-medico-de-su-honra,analisis-estilometrico-el-medico-de-su-honra,exact-title-duplicate,"analisis-estilometrico-el-medico-de-su-honra [Médico de su honra, El]"
LOPE_MejorAlcaldeElRey,"Mejor alcalde, el rey, El",,analisis-estilometrico-el-mejor-alcalde-el-rey,analisis-estilometrico-el-mejor-alcalde-el-rey,,exact-title-duplicate,"analisis-estilometrico-el-mejor-alcalde-el-rey [Mejor alcalde, el rey, El]; analisis-estilometrico-el-mejor-alcalde-el-rey-0 [Mejor alcalde, el rey, El]"
MARTINEZ_MejorAlcaldeElRey(Transk-IMPR),"Mejor alcalde, el rey, El",,analisis-estilometrico-el-mejor-alcalde-el-rey-0,analisis-estilometrico-el-mejor-alcalde-el-rey-0,,exact-title-duplicate,"analisis-estilometrico-el-mejor-alcalde-el-rey [Mejor alcalde, el rey, El]; analisis-estilometrico-el-mejor-alcalde-el-rey-0 [Mejor alcalde, el rey, El]"
BELMONTE&ROJAS&CALDERONdudosa_MejorAmigoElMuerto(VersionImpresos),"Mejor amigo, el muerto y fortunas de don Juan de Castro, El (Versión impresos)",,analisis-estilometrico-el-mejor-amigo-el-muerto-y-fortunas-de-don-juan-de-castro-version,analisis-estilometrico-el-mejor-amigo-el-muerto-y-fortunas-de-don-juan-de-castro-version-0,,descriptor-match,"analisis-estilometrico-el-mejor-amigo-el-muerto-y-fortunas-de-don-juan-de-castro-version-0 [Mejor amigo, el muerto y fortunas de don Juan de Castro, El (Versión impresos)]; analisis-estilometrico-el-mejor-amigo-el-muerto-y-fortunas-de-don-juan-de-castro-version [Mejor amigo, el muerto y fortunas de don Juan de Castro, El (Versión manuscritos)]"
BELMONTE&ROJAS&CALDERON_MejorAmigoElMuerto(VersionManuscritos),"Mejor amigo, el muerto y fortunas de don Juan de Castro, El (Versión manuscritos)",,analisis-estilometrico-el-mejor-amigo-el-muerto-y-fortunas-de-don-juan-de-castro-version-0,analisis-estilometrico-el-mejor-amigo-el-muerto-y-fortunas-de-don-juan-de-castro-version,,descriptor-match,"analisis-estilometrico-el-mejor-amigo-el-muerto-y-fortunas-de-don-juan-de-castro-version [Mejor amigo, el muerto y fortunas de don Juan de Castro, El (Versión manuscritos)]; analisis-estilometrico-el-mejor-amigo-el-muerto-y-fortunas-de-don-juan-de-castro-version-0 [Mejor amigo, el muerto y fortunas de don Juan de Castro, El (Versión impresos)]"
CASTRO_MejorEsposo,"Mejor esposo, El",,analisis-estilometrico-el-mejor-esposo,analisis-estilometrico-el-mejor-esposo,,exact-title-duplicate,"analisis-estilometrico-el-mejor-esposo [Mejor esposo, El]; analisis-estilometrico-el-mejor-esposo-0 [Mejor esposo, El]"
MORETO_MejorEsposo(Transk-IMPR),"Mejor esposo, El",,analisis-estilometrico-el-mejor-esposo-0,analisis-estilometrico-el-mejor-esposo-0,,exact-title-duplicate,"analisis-estilometrico-el-mejor-esposo [Mejor esposo, El]; analisis-estilometrico-el-mejor-esposo-0 [Mejor esposo, El]"
CALDERONdudosa_MejorPadre,"Mejor padre de pobres, El",,analisis-estilometrico-el-mejor-padre-de-pobres,analisis-estilometrico-el-mejor-padre-de-pobres,,exact-title-duplicate,"analisis-estilometrico-el-mejor-padre-de-pobres [Mejor padre de pobres, El]; analisis-estilometrico-el-mejor-padre-de-pobres-0 [Mejor padre de pobres, El]"
PACHECO_MejorPadreDePobres(Transk-MSS),"Mejor padre de pobres, El",,analisis-estilometrico-el-mejor-padre-de-pobres-0,analisis-estilometrico-el-mejor-padre-de-pobres-0,,exact-title-duplicate,"analisis-estilometrico-el-mejor-padre-de-pobres [Mejor padre de pobres, El]; analisis-estilometrico-el-mejor-padre-de-pobres-0 [Mejor padre de pobres, El]"
ALARCON_MudarsePorMejorarse,Mudarse por mejorarse,,analisis-estilometrico-mudarse-por-mejorarse,analisis-estilometrico-mudarse-por-mejorarse,,exact-title-duplicate,analisis-estilometrico-mudarse-por-mejorarse [Mudarse por mejorarse]; analisis-estilometrico-mudarse-por-mejorarse-0 [Mudarse por mejorarse]
ENRIQUEZ_MudarsePorMejorarse,Mudarse por mejorarse,,analisis-estilometrico-mudarse-por-mejorarse-0,analisis-estilometrico-mudarse-por-mejorarse-0,,exact-title-duplicate,analisis-estilometrico-mudarse-por-mejorarse [Mudarse por mejorarse]; analisis-estilometrico-mudarse-por-mejorarse-0 [Mudarse por mejorarse]
LOPE_MuertosVivos,"Muertos vivos, Los",,analisis-estilometrico-los-muertos-vivos,analisis-estilometrico-los-muertos-vivos,,exact-title-duplicate,"analisis-estilometrico-los-muertos-vivos-0 [Muertos vivos, Los]; analisis-estilometrico-los-muertos-vivos [Muertos vivos, Los]"
QUINONES_MuertosVivos(Entremes),"Muertos vivos, Los",,analisis-estilometrico-los-muertos-vivos-0,analisis-estilometrico-los-muertos-vivos-0,,exact-title-duplicate,"analisis-estilometrico-los-muertos-vivos-0 [Muertos vivos, Los]; analisis-estilometrico-los-muertos-vivos [Muertos vivos, Los]"
REYES_NacimientoDeNuestroSenor(Auto)(Transk-MSS),"Nacimiento de Nuestro Señor, El",,analisis-estilometrico-el-nacimiento-de-nuestro-senor,analisis-estilometrico-el-nacimiento-de-nuestro-senor,,exact-title-duplicate,"analisis-estilometrico-el-nacimiento-de-nuestro-senor [Nacimiento de Nuestro Señor, El]; analisis-estilometrico-el-nacimiento-de-nuestro-senor-0 [Nacimiento de nuestro señor, El]"
VALDIVIELSO_NacimientoDeNuestroSenor(Auto)(Transk-IMPR),"Nacimiento de Nuestro Señor, El",,analisis-estilometrico-el-nacimiento-de-nuestro-senor-0,analisis-estilometrico-el-nacimiento-de-nuestro-senor-0,,exact-title-duplicate,"analisis-estilometrico-el-nacimiento-de-nuestro-senor [Nacimiento de Nuestro Señor, El]; analisis-estilometrico-el-nacimiento-de-nuestro-senor-0 [Nacimiento de nuestro señor, El]"
PACHECO_NegroDelSerafin(Transk-MSS),"Negro del serafín, El",,analisis-estilometrico-el-negro-del-serafin,analisis-estilometrico-el-negro-del-serafin,analisis-estilometrico-el-negro-del-serafin,exact-title-duplicate,"analisis-estilometrico-el-negro-del-serafin [Negro del serafín, El]"
VELEZ_NegroDelSerafin,"Negro del Serafín, El","Santo negro Rosambuco, El",analisis-estilometrico-el-negro-del-serafin-0,analisis-estilometrico-el-negro-del-serafin-el-santo-negro-rosambuco,,exact-title-duplicate,"analisis-estilometrico-el-negro-del-serafin [Negro del serafín, El]; analisis-estilometrico-el-santo-negro-rosambuco [Santo Negro Rosambuco, El]"
CLARAMONTEdudosa_NinfaDelCielo(Auto),"Ninfa del cielo, La",,analisis-estilometrico-la-ninfa-del-cielo,analisis-estilometrico-la-ninfa-del-cielo,,exact-title-duplicate,"analisis-estilometrico-la-ninfa-del-cielo [Ninfa del cielo, La]; analisis-estilometrico-la-ninfa-del-cielo-0 [Ninfa del cielo, La]"
TIRSOdudosa_NinfaDelCielo,"Ninfa del cielo, La",,analisis-estilometrico-la-ninfa-del-cielo-0,analisis-estilometrico-la-ninfa-del-cielo-0,,exact-title-duplicate,"analisis-estilometrico-la-ninfa-del-cielo [Ninfa del cielo, La]; analisis-estilometrico-la-ninfa-del-cielo-0 [Ninfa del cielo, La]"
DESCONOCIDO_NoHayVidaComoLaHonra(Burlesca),No hay vida como la honra,No hay vida como la olla,analisis-estilometrico-no-hay-vida-como-la-honra,analisis-estilometrico-no-hay-vida-como-la-honra-no-hay-vida-como-la-olla,analisis-estilometrico-no-hay-vida-como-la-honra,exact-title-duplicate,analisis-estilometrico-no-hay-vida-como-la-honra [No hay vida como la honra]
MONTALBAN_NoHayVidaComoLaHonra(Transk-IMPR),No hay vida como la honra,,analisis-estilometrico-no-hay-vida-como-la-honra-0,analisis-estilometrico-no-hay-vida-como-la-honra,analisis-estilometrico-no-hay-vida-como-la-honra,exact-title-duplicate,analisis-estilometrico-no-hay-vida-como-la-honra [No hay vida como la honra]
VILLAVICIOSA&MATOS&MORETO_NuestraSenoraDelPilar,Nuestra Señora del Pilar,,analisis-estilometrico-nuestra-senora-del-pilar,analisis-estilometrico-nuestra-senora-del-pilar-0,,exact-title-duplicate,analisis-estilometrico-nuestra-senora-del-pilar [Nuestra Señora del Pilar]; analisis-estilometrico-nuestra-senora-del-pilar-0 [Nuestra Señora del Pilar]
SANCHEZ-FELIPE_NuestraSenoraDelPilar(Auto)(Transk-IMPR),Nuestra Señora del Pilar,,analisis-estilometrico-nuestra-senora-del-pilar-0,analisis-estilometrico-nuestra-senora-del-pilar,,exact-title-duplicate,analisis-estilometrico-nuestra-senora-del-pilar [Nuestra Señora del Pilar]; analisis-estilometrico-nuestra-senora-del-pilar-0 [Nuestra Señora del Pilar]
DESCONOCIDO_PadrinoDeSuAfrenta(Transk-MSS),"Padrino de su afrenta, El",,analisis-estilometrico-el-padrino-de-su-afrenta,analisis-estilometrico-el-padrino-de-su-afrenta,analisis-estilometrico-el-padrino-de-su-afrenta,exact-title-duplicate,"analisis-estilometrico-el-padrino-de-su-afrenta [Padrino de su afrenta, El]"
CALDERON_PastorFido(Auto),"Pastor Fido, El",,analisis-estilometrico-el-pastor-fido,analisis-estilometrico-el-pastor-fido-0,,exact-title-duplicate,"analisis-estilometrico-el-pastor-fido [Pastor Fido, El]; analisis-estilometrico-el-pastor-fido-0 [Pastor Fido, El]"
SOLIS&COELLO&CALDERON_PastorFido(Transk-IMPR),"Pastor Fido, El",,analisis-estilometrico-el-pastor-fido-0,analisis-estilometrico-el-pastor-fido,,exact-title-duplicate,"analisis-estilometrico-el-pastor-fido [Pastor Fido, El]; analisis-estilometrico-el-pastor-fido-0 [Pastor Fido, El]"
LOZANO_PastoresDeBelen(Auto)(Transk-IMPR),"Pastores de Belen, Los",,analisis-estilometrico-los-pastores-de-belen,analisis-estilometrico-los-pastores-de-belen,,exact-title-duplicate,"analisis-estilometrico-los-pastores-de-belen [Pastores de Belen, Los]; analisis-estilometrico-los-pastores-de-belen-0 [Pastores de Belén, Los]"
MIRA_PastoresDeBelen(Auto),"Pastores de Belén, Los",,analisis-estilometrico-los-pastores-de-belen-0,analisis-estilometrico-los-pastores-de-belen-0,,exact-title-duplicate,"analisis-estilometrico-los-pastores-de-belen [Pastores de Belen, Los]; analisis-estilometrico-los-pastores-de-belen-0 [Pastores de Belén, Los]"
CERVANTES_PedroDeUrdemalas,Pedro de Urdemalas,,analisis-estilometrico-pedro-de-urdemalas,analisis-estilometrico-pedro-de-urdemalas-1,,exact-title-duplicate,analisis-estilometrico-pedro-de-urdemalas [Pedro de Urdemalas]; analisis-estilometrico-pedro-de-urdemalas-0 [Pedro de Urdemalas]; analisis-estilometrico-pedro-de-urdemalas-1 [Pedro de Urdemalas]
DIAMANTE_PedroDeUrdemalas,Pedro de Urdemalas,,analisis-estilometrico-pedro-de-urdemalas-0,analisis-estilometrico-pedro-de-urdemalas-0,,exact-title-duplicate,analisis-estilometrico-pedro-de-urdemalas [Pedro de Urdemalas]; analisis-estilometrico-pedro-de-urdemalas-0 [Pedro de Urdemalas]; analisis-estilometrico-pedro-de-urdemalas-1 [Pedro de Urdemalas]
LOPEdudosa_PedroDeUrdemalas,Pedro de Urdemalas,,analisis-estilometrico-pedro-de-urdemalas-1,analisis-estilometrico-pedro-de-urdemalas,,exact-title-duplicate,analisis-estilometrico-pedro-de-urdemalas [Pedro de Urdemalas]; analisis-estilometrico-pedro-de-urdemalas-0 [Pedro de Urdemalas]; analisis-estilometrico-pedro-de-urdemalas-1 [Pedro de Urdemalas]
CALDERON_PintorDeSuDeshonra,"Pintor de su deshonra, El",,analisis-estilometrico-el-pintor-de-su-deshonra,analisis-estilometrico-el-pintor-de-su-deshonra,analisis-estilometrico-el-pintor-de-su-deshonra,exact-title-duplicate,"analisis-estilometrico-el-pintor-de-su-deshonra [Pintor de su deshonra, El]"
DESCONOCIDO_PremioDeLaVirtud(Transk-MSS),"Premio de la virtud, El",,analisis-estilometrico-el-premio-de-la-virtud,analisis-estilometrico-el-premio-de-la-virtud,,exact-title-duplicate,"analisis-estilometrico-el-premio-de-la-virtud [Premio de la virtud, El]; analisis-estilometrico-el-premio-de-la-virtud-y-sucesos-prodigiosos-de-don-pedro-guerrero [Premio de la virtud, El]"
HURTADO_PremioDeLaVirtud(Transk-IMPR),"Premio de la virtud, El",,analisis-estilometrico-el-premio-de-la-virtud-0,analisis-estilometrico-el-premio-de-la-virtud-y-sucesos-prodigiosos-de-don-pedro-guerrero,,exact-title-duplicate,"analisis-estilometrico-el-premio-de-la-virtud [Premio de la virtud, El]; analisis-estilometrico-el-premio-de-la-virtud-y-sucesos-prodigiosos-de-don-pedro-guerrero [Premio de la virtud, El]"
MORETO&BELMONTE&MENESES_PrincipePerseguido,"Príncipe perseguido, El",,analisis-estilometrico-el-principe-perseguido,analisis-estilometrico-el-principe-perseguido,,exact-title-duplicate,"analisis-estilometrico-el-principe-perseguido [Príncipe perseguido, El]; analisis-estilometrico-el-principe-perseguido-0 [Príncipe perseguido, El]"
PACHECO_PrincipePeregrino(Transk-MSS),"Príncipe perseguido, El",,analisis-estilometrico-el-principe-perseguido-0,analisis-estilometrico-el-principe-perseguido-0,,exact-title-duplicate,"analisis-estilometrico-el-principe-perseguido [Príncipe perseguido, El]; analisis-estilometrico-el-principe-perseguido-0 [Príncipe perseguido, El]"
CASTRO_ProgneYFilomena,Progne y Filomena,,analisis-estilometrico-progne-y-filomena,analisis-estilometrico-progne-y-filomena,,exact-title-duplicate,analisis-estilometrico-progne-y-filomena [Progne y Filomena]; analisis-estilometrico-progne-y-filomena-1 [Progne y Filomena]; analisis-estilometrico-progne-y-filomena-0 [Progne y Filomena]
DESCONOCIDO_ProgneYFilomena,Progne y Filomena,,analisis-estilometrico-progne-y-filomena-0,analisis-estilometrico-progne-y-filomena-1,,exact-title-duplicate,analisis-estilometrico-progne-y-filomena [Progne y Filomena]; analisis-estilometrico-progne-y-filomena-1 [Progne y Filomena]; analisis-estilometrico-progne-y-filomena-0 [Progne y Filomena]
ROJAS_ProgneYFilomena,Progne y Filomena,,analisis-estilometrico-progne-y-filomena-1,analisis-estilometrico-progne-y-filomena-0,,exact-title-duplicate,analisis-estilometrico-progne-y-filomena [Progne y Filomena]; analisis-estilometrico-progne-y-filomena-1 [Progne y Filomena]; analisis-estilometrico-progne-y-filomena-0 [Progne y Filomena]
CERVANTES_RetabloDeLasMaravillas(Entremes),"Retablo de las maravillas, El",,analisis-estilometrico-el-retablo-de-las-maravillas,analisis-estilometrico-el-retablo-de-las-maravillas,,exact-title-duplicate,"analisis-estilometrico-el-retablo-de-las-maravillas [Retablo de las maravillas, El]; analisis-estilometrico-el-retablo-de-las-maravillas-0 [Retablo de las maravillas, El]"
QUINONES_RetabloMaravillas(Entremes),"Retablo de las maravillas, El",,analisis-estilometrico-el-retablo-de-las-maravillas-0,analisis-estilometrico-el-retablo-de-las-maravillas-0,,exact-title-duplicate,"analisis-estilometrico-el-retablo-de-las-maravillas [Retablo de las maravillas, El]; analisis-estilometrico-el-retablo-de-las-maravillas-0 [Retablo de las maravillas, El]"
ZABALETA&MARTINEZ&ALI_ReyEnriqueElEnfermo,"Rey Enrique el Enfermo, El","Rey don Enrique el Tercero, llamado el enfermo, El",analisis-estilometrico-el-rey-enrique-el-enfermo,analisis-estilometrico-el-rey-enrique-el-enfermo,,exact-title-duplicate,
DESCONOCIDO(6)_ReyEnriqueElEnfermo,"Rey Enrique el enfermo, El",,analisis-estilometrico-el-rey-enrique-el-enfermo-0,analisis-estilometrico-el-rey-enrique-el-enfermo-0,,exact-title-duplicate,
ROSETE_RosaDeAlejandria(Transk-IMPR),"Rosa de Alejandría, La","Santa Catalina virgen, mártir y doctora",analisis-estilometrico-la-rosa-de-alejandria,analisis-estilometrico-la-rosa-de-alejandria-santa-catalina-virgen-martir-y-doctora,analisis-estilometrico-la-rosa-de-alejandria,exact-title-duplicate,"analisis-estilometrico-la-rosa-de-alejandria [Rosa de Alejandría, La]"
VELEZ_RosaDeAlejandria,"Rosa de Alejandría, La",,analisis-estilometrico-la-rosa-de-alejandria-0,analisis-estilometrico-la-rosa-de-alejandria,analisis-estilometrico-la-rosa-de-alejandria,exact-title-duplicate,"analisis-estilometrico-la-rosa-de-alejandria [Rosa de Alejandría, La]"
ENRIQUEZ_SantaTaez,Santa Táez,,analisis-estilometrico-santa-taez,analisis-estilometrico-santa-taez-0,,exact-title-duplicate,analisis-estilometrico-santa-taez-0 [Santa Táez]; analisis-estilometrico-santa-taez [Santa Táez]
ROJAS_SantaTaez,Santa Táez,,analisis-estilometrico-santa-taez-0,analisis-estilometrico-santa-taez,,exact-title-duplicate,analisis-estilometrico-santa-taez-0 [Santa Táez]; analisis-estilometrico-santa-taez [Santa Táez]
BELMONTE_SastreDelCampillo,"Sastre del Campillo, El",,analisis-estilometrico-el-sastre-del-campillo,analisis-estilometrico-el-sastre-del-campillo,,exact-title-duplicate,"analisis-estilometrico-el-sastre-del-campillo-0 [Sastre del Campillo, El]; analisis-estilometrico-el-sastre-del-campillo [Sastre del Campillo, El]"
BANCES_SastreDelCampillo(Transk-IMPR),"Sastre del Campillo, El",,analisis-estilometrico-el-sastre-del-campillo-0,analisis-estilometrico-el-sastre-del-campillo-0,,exact-title-duplicate,"analisis-estilometrico-el-sastre-del-campillo-0 [Sastre del Campillo, El]; analisis-estilometrico-el-sastre-del-campillo [Sastre del Campillo, El]"
CALDERON_SelvaConfusa,"Selva confusa, La",,analisis-estilometrico-la-selva-confusa,analisis-estilometrico-la-selva-confusa,,order-ambiguous,"analisis-estilometrico-la-selva-confusa [Selva confusa, La]; analisis-estilometrico-la-selva-confusa-0 [Selva confusa, La]"
LOPE_SerranaDeLaVera,"Serrana de la Vera, La",,analisis-estilometrico-la-serrana-de-la-vera,analisis-estilometrico-la-serrana-de-la-vera-0,,exact-title-duplicate,"analisis-estilometrico-la-serrana-de-la-vera-0 [Serrana de la Vera, La]; analisis-estilometrico-la-serrana-de-la-vera [Serrana de la Vera, La]"
VELEZ_SerranaDeLaVera,"Serrana de la Vera, La",,analisis-estilometrico-la-serrana-de-la-vera-0,analisis-estilometrico-la-serrana-de-la-vera,,exact-title-duplicate,"analisis-estilometrico-la-serrana-de-la-vera-0 [Serrana de la Vera, La]; analisis-estilometrico-la-serrana-de-la-vera [Serrana de la Vera, La]"
HURTADO-VELARDE_SieteInfantesDeLara(Transk-IMPR),"Siete infantes de Lara, Los",,analisis-estilometrico-los-siete-infantes-de-lara,analisis-estilometrico-los-siete-infantes-de-lara-0,,exact-title-duplicate,"analisis-estilometrico-los-siete-infantes-de-lara [Siete infantes de Lara, Los]; analisis-estilometrico-los-siete-infantes-de-lara-0 [Siete infantes de Lara, Los]; analisis-estilometrico-los-siete-infantes-de-lara-burlesca [Siete infantes de Lara, Los (Burlesca)]"
CUEVA_SieteInfantesDeLara(Transk-IMPR),"Siete infantes de Lara, Los",,analisis-estilometrico-los-siete-infantes-de-lara-0,analisis-estilometrico-los-siete-infantes-de-lara,,exact-title-duplicate,"analisis-estilometrico-los-siete-infantes-de-lara [Siete infantes de Lara, Los]; analisis-estilometrico-los-siete-infantes-de-lara-0 [Siete infantes de Lara, Los]; analisis-estilometrico-los-siete-infantes-de-lara-burlesca [Siete infantes de Lara, Los (Burlesca)]"
SALAZAR_TetisYPeleo,Tetis y peleo,,analisis-estilometrico-tetis-y-peleo-0,analisis-estilometrico-tetis-y-peleo-0,,exact-title-duplicate,analisis-estilometrico-tetis-y-peleo-0 [Tetis y peleo]; analisis-estilometrico-tetis-y-peleo [Tetis y Peleo]
BOLEA_TetisYPeleo(Transk-IMPR),Tetis y Peleo,,analisis-estilometrico-tetis-y-peleo,analisis-estilometrico-tetis-y-peleo,,exact-title-duplicate,analisis-estilometrico-tetis-y-peleo-0 [Tetis y peleo]; analisis-estilometrico-tetis-y-peleo [Tetis y Peleo]
DIAMANTE_TiranoCastigado(Transk-IMPR),"Tirano castigado, El",,analisis-estilometrico-el-tirano-castigado,analisis-estilometrico-el-tirano-castigado-0,,exact-title-duplicate,"analisis-estilometrico-el-tirano-castigado [Tirano castigado, El]; analisis-estilometrico-el-tirano-castigado-0 [Tirano castigado, El]"
LOPE_TiranoCastigado,"Tirano castigado, El",,analisis-estilometrico-el-tirano-castigado-0,analisis-estilometrico-el-tirano-castigado,,exact-title-duplicate,"analisis-estilometrico-el-tirano-castigado [Tirano castigado, El]; analisis-estilometrico-el-tirano-castigado-0 [Tirano castigado, El]"
GODINEZ_TrabajosDeJob,"Trabajos de Job, Los",,analisis-estilometrico-los-trabajos-de-job,analisis-estilometrico-los-trabajos-de-job,,exact-title-duplicate,"analisis-estilometrico-los-trabajos-de-job [Trabajos de Job, Los]; analisis-estilometrico-los-trabajos-de-job-0 [Trabajos de Job, Los]"
GODINEZdudosa_TrabajosDeJob(Auto)(Transk-MSS),"Trabajos de Job, Los",,analisis-estilometrico-los-trabajos-de-job-0,analisis-estilometrico-los-trabajos-de-job-0,,exact-title-duplicate,"analisis-estilometrico-los-trabajos-de-job [Trabajos de Job, Los]; analisis-estilometrico-los-trabajos-de-job-0 [Trabajos de Job, Los]"
CALDERONdudosa_TravesurasSonValor(Transk-IMPR),Travesuras son valor,,analisis-estilometrico-travesuras-son-valor,analisis-estilometrico-travesuras-son-valor,analisis-estilometrico-travesuras-son-valor,exact-title-duplicate,analisis-estilometrico-travesuras-son-valor [Travesuras son valor]
CALDERON_TresMayoresProdigios,"Tres mayores prodigios, Los",,analisis-estilometrico-los-tres-mayores-prodigios,analisis-estilometrico-los-tres-mayores-prodigios,,exact-title-duplicate,"analisis-estilometrico-los-tres-mayores-prodigios-0 [Tres mayores prodigios, Los]; analisis-estilometrico-los-tres-mayores-prodigios [Tres mayores prodigios, Los]"
CALDERON_TresMayoresProdigios(Loa),"Tres mayores prodigios, Los",,analisis-estilometrico-los-tres-mayores-prodigios-0,analisis-estilometrico-los-tres-mayores-prodigios-0,,exact-title-duplicate,"analisis-estilometrico-los-tres-mayores-prodigios-0 [Tres mayores prodigios, Los]; analisis-estilometrico-los-tres-mayores-prodigios [Tres mayores prodigios, Los]"
GODINEZdudosa_VenganzaDeTamar(Transk-IMPR),"Venganza de Tamar, La",,analisis-estilometrico-la-venganza-de-tamar,analisis-estilometrico-la-venganza-de-tamar-0,,exact-title-duplicate,"analisis-estilometrico-la-venganza-de-tamar-0 [Venganza de Tamar, La]; analisis-estilometrico-la-venganza-de-tamar [Venganza de Tamar, La]"
TIRSO_VenganzaDeTamar,"Venganza de Tamar, La",,analisis-estilometrico-la-venganza-de-tamar-0,analisis-estilometrico-la-venganza-de-tamar,,exact-title-duplicate,"analisis-estilometrico-la-venganza-de-tamar-0 [Venganza de Tamar, La]; analisis-estilometrico-la-venganza-de-tamar [Venganza de Tamar, La]"
CALDERON_VidaEsSueno,"Vida es sueño, La",,analisis-estilometrico-la-vida-es-sueno,analisis-estilometrico-la-vida-es-sueno,,exact-title-duplicate,"analisis-estilometrico-la-vida-es-sueno [Vida es sueño, La]; analisis-estilometrico-la-vida-es-sueno-0 [Vida es sueño, La]; analisis-estilometrico-la-vida-es-sueno-primera-version [Vida es sueño (Primera versión), La]; analisis-estilometrico-la-vida-es-sueno-segunda-version [Vida es sueño (Segunda versión), La]"
CALDERON_VidaEsSueno(Loa),"Vida es sueño, La",,analisis-estilometrico-la-vida-es-sueno-0,analisis-estilometrico-la-vida-es-sueno-0,,exact-title-duplicate,"analisis-estilometrico-la-vida-es-sueno [Vida es sueño, La]; analisis-estilometrico-la-vida-es-sueno-0 [Vida es sueño, La]; analisis-estilometrico-la-vida-es-sueno-primera-version [Vida es sueño (Primera versión), La]; analisis-estilometrico-la-vida-es-sueno-segunda-version [Vida es sueño (Segunda versión), La]"
LOPE_VillanoEnSuRincon,"Villano en su rincón, El",,analisis-estilometrico-el-villano-en-su-rincon,analisis-estilometrico-el-villano-en-su-rincon,analisis-estilometrico-el-villano-en-su-rincon,exact-title-duplicate,"analisis-estilometrico-el-villano-en-su-rincon [Villano en su rincón, El]"
BANCES_VirgenDeGuadalupe(Transk-IMPR),"Virgen de Guadalupe, La",,analisis-estilometrico-la-virgen-de-guadalupe,analisis-estilometrico-la-virgen-de-guadalupe,,exact-title-duplicate,"analisis-estilometrico-la-virgen-de-guadalupe [Virgen de Guadalupe, La]; analisis-estilometrico-la-virgen-de-guadalupe-0 [Virgen de Guadalupe, La]"
GODINEZ_VirgenDeGuadalupe,"Virgen de Guadalupe, La",,analisis-estilometrico-la-virgen-de-guadalupe-0,analisis-estilometrico-la-virgen-de-guadalupe-0,,exact-title-duplicate,"analisis-estilometrico-la-virgen-de-guadalupe [Virgen de Guadalupe, La]; analisis-estilometrico-la-virgen-de-guadalupe-0 [Virgen de Guadalupe, La]"